State,County,Month,tmp_avg 1895,tmp_avg 1896,tmp_avg 1897,tmp_avg 1898,tmp_avg 1899,tmp_avg 1900,tmp_avg 1901,tmp_avg 1902,tmp_avg 1903,tmp_avg 1904,tmp_avg 1905,tmp_avg 1906,tmp_avg 1907,tmp_avg 1908,tmp_avg 1909,tmp_avg 1910,tmp_avg 1911,tmp_avg 1912,tmp_avg 1913,tmp_avg 1914,tmp_avg 1915,tmp_avg 1916,tmp_avg 1917,tmp_avg 1918,tmp_avg 1919,tmp_avg 1920,tmp_avg 1921,tmp_avg 1922,tmp_avg 1923,tmp_avg 1924,tmp_avg 1925,tmp_avg 1926,tmp_avg 1927,tmp_avg 1928,tmp_avg 1929,tmp_avg 1930,tmp_avg 1931,tmp_avg 1932,tmp_avg 1933,tmp_avg 1934,tmp_avg 1935,tmp_avg 1936,tmp_avg 1937,tmp_avg 1938,tmp_avg 1939,tmp_avg 1940,tmp_avg 1941,tmp_avg 1942,tmp_avg 1943,tmp_avg 1944,tmp_avg 1945,tmp_avg 1946,tmp_avg 1947,tmp_avg 1948,tmp_avg 1949,tmp_avg 1950,tmp_avg 1951,tmp_avg 1952,tmp_avg 1953,tmp_avg 1954,tmp_avg 1955,tmp_avg 1956,tmp_avg 1957,tmp_avg 1958,tmp_avg 1959,tmp_avg 1960,tmp_avg 1961,tmp_avg 1962,tmp_avg 1963,tmp_avg 1964,tmp_avg 1965,tmp_avg 1966,tmp_avg 1967,tmp_avg 1968,tmp_avg 1969,tmp_avg 1970,tmp_avg 1971,tmp_avg 1972,tmp_avg 1973,tmp_avg 1974,tmp_avg 1975,tmp_avg 1976,tmp_avg 1977,tmp_avg 1978,tmp_avg 1979,tmp_avg 1980,tmp_avg 1981,tmp_avg 1982,tmp_avg 1983,tmp_avg 1984,tmp_avg 1985,tmp_avg 1986,tmp_avg 1987,tmp_avg 1988,tmp_avg 1989,tmp_avg 1990,tmp_avg 1991,tmp_avg 1992,tmp_avg 1993,tmp_avg 1994,tmp_avg 1995,tmp_avg 1996,tmp_avg 1997,tmp_avg 1998,tmp_avg 1999,tmp_avg 2000,tmp_avg 2001,tmp_avg 2002,tmp_avg 2003,tmp_avg 2004,tmp_avg 2005,tmp_avg 2006,tmp_avg 2007,tmp_avg 2008,tmp_avg 2009,tmp_avg 2010,tmp_avg 2011,tmp_avg 2012,tmp_avg 2013,tmp_avg 2014,tmp_avg 2015,tmp_avg 2016,tmp_avg 2017,tmp_avg 2018,tmp_avg 2019,tmp_avg 2020,tmp_avg 2021,tmp_avg 2022,tmp_avg 2023,a2x^5,a1x^4,a0x^3,a5x^2,a4x^1,a3,a2x^4',a1x^3',a0x^2',a5x^1',a4'
AL,Autauga,jan,44.0,44.3,43.7,50.1,44.6,43.9,48.2,44.6,44.8,43.0,40.9,47.0,54.6,44.8,50.8,46.5,50.6,41.0,51.5,46.7,43.6,52.2,50.8,39.7,45.4,48.5,50.6,47.7,51.9,42.4,48.2,45.2,49.8,45.1,50.5,46.6,45.2,52.9,52.8,49.9,47.9,44.8,58.7,47.1,50.1,34.2,47.4,44.0,49.3,46.8,46.4,48.1,50.0,39.7,53.4,60.3,47.8,53.6,49.3,48.0,44.8,43.1,49.9,40.2,44.4,45.2,40.0,43.4,40.9,42.7,46.9,41.3,45.7,42.8,44.5,38.5,46.5,50.1,44.0,56.3,50.0,41.5,34.3,37.2,39.1,47.8,40.4,43.8,42.9,41.3,38.2,44.0,43.9,41.6,50.8,50.2,46.7,44.6,49.7,41.7,46.4,44.0,47.0,48.5,50.5,47.9,42.2,47.6,41.0,45.0,49.9,52.0,47.3,43.4,46.5,41.5,41.5,50.5,51.1,37.6,44.7,44.1,53.1,40.6,47.0,50.7,48.2,45.1,52.3,-1.0069358806040517e-08,9.840195097332143e-05,-0.38457055857225736,751.3264942032082,-733772.8657072476,286592534.8167595,-5.034679403020259e-08,0.00039360780389328573,-1.153711675716772,1502.6529884064164,-733772.8657072476
AL,Baldwin,jan,49.5,49.2,47.8,54.7,50.4,49.6,51.6,50.6,49.3,47.7,46.1,52.1,59.3,49.4,55.7,51.0,55.7,45.9,56.0,51.6,47.6,55.5,56.4,44.1,49.2,52.7,54.3,52.7,56.0,46.3,54.7,48.2,54.1,46.4,53.0,50.8,50.0,57.6,56.0,52.7,52.7,51.4,62.6,51.5,54.2,39.4,51.7,47.7,52.3,50.0,49.9,51.6,55.4,44.6,58.5,65.0,52.9,59.1,54.1,53.3,50.6,48.1,56.8,45.0,48.3,49.5,45.1,48.6,45.8,47.8,52.1,46.1,50.9,49.0,49.8,43.9,51.5,56.1,48.9,62.0,54.4,47.3,40.6,41.2,44.1,53.3,44.5,50.2,47.4,46.5,43.7,49.2,48.6,46.8,57.4,54.2,51.9,49.0,54.8,47.2,51.2,49.5,51.4,53.0,54.7,53.5,46.6,51.9,46.4,50.2,54.8,56.6,52.6,49.4,51.9,45.9,47.6,56.3,55.9,43.8,49.6,48.8,58.1,46.0,51.8,54.8,52.0,50.0,57.4,-8.230545304662624e-09,8.047535001138953e-05,-0.3146808606160756,615.1216001433961,-601083.5350525294,234899454.5135145,-4.115272652331312e-08,0.00032190140004555813,-0.9440425818482268,1230.2432002867922,-601083.5350525294
AL,Barbour,jan,45.4,44.2,43.0,50.1,44.7,43.7,47.4,45.4,43.9,41.8,40.4,46.6,55.1,44.8,52.0,46.6,51.2,42.5,53.4,48.0,46.0,55.2,53.2,40.8,46.4,50.6,52.3,48.3,53.3,43.5,50.2,46.4,49.3,46.6,51.0,48.1,46.0,54.2,53.3,50.5,50.0,46.4,60.1,48.1,52.1,35.8,48.0,46.0,50.7,48.0,48.2,50.4,53.8,42.1,55.4,61.8,50.0,54.3,50.9,50.1,47.0,45.0,52.2,42.4,46.7,46.8,41.8,45.6,42.3,44.9,49.7,42.1,48.8,45.1,45.8,39.4,47.2,52.6,46.6,60.2,51.6,43.3,36.6,38.4,40.6,49.7,41.8,45.8,44.4,44.0,40.7,45.8,45.6,43.3,54.2,52.7,47.8,46.6,52.0,43.9,47.9,46.2,49.0,49.7,50.3,49.3,43.7,49.0,43.2,46.3,51.0,53.1,50.0,45.8,48.3,42.8,43.0,52.3,54.4,39.7,46.5,45.4,54.6,43.7,49.0,51.6,48.8,45.4,52.2,-1.1161704693966865e-08,0.0001090491211985011,-0.42607512305023965,832.2087548565813,-812568.9202658643,317292463.8484364,-5.5808523469834323e-08,0.0004361964847940044,-1.2782253691507188,1664.4175097131626,-812568.9202658643
AL,Bibb,jan,41.5,42.5,41.6,48.5,42.8,42.5,45.8,41.7,42.5,40.3,37.6,44.8,52.8,42.5,48.4,44.2,48.6,39.2,49.5,45.5,40.8,50.6,48.4,36.6,43.4,45.6,48.1,45.6,49.6,39.8,46.8,43.5,48.2,43.2,48.3,44.1,42.8,51.0,50.8,48.0,45.8,42.1,56.8,46.0,48.6,32.1,45.4,41.5,47.5,44.7,45.0,46.5,48.8,38.5,52.4,58.6,46.2,51.6,47.8,45.6,43.1,41.0,47.0,38.9,42.4,43.8,38.2,41.6,38.0,41.2,45.6,39.8,44.0,41.4,42.6,37.2,44.3,48.0,42.0,53.7,48.1,39.4,32.4,34.9,36.7,45.6,38.8,41.9,41.7,39.2,35.7,42.0,41.9,39.6,49.4,49.0,44.9,43.1,47.8,39.7,44.6,42.7,45.4,46.7,49.1,46.1,40.3,45.9,38.8,43.6,48.4,50.8,45.8,42.5,44.6,39.7,40.5,49.8,48.9,36.2,42.6,41.9,51.5,39.5,45.2,48.6,45.2,43.1,50.5,-1.3194588316017143e-08,0.0001290142444230411,-0.5044983081055329,986.2158224260072,-963772.1984967539,376666531.27711874,-6.597294158008571e-08,0.0005160569776921644,-1.5134949243165985,1972.4316448520144,-963772.1984967539
AL,Blount,jan,40.0,41.1,38.9,45.5,40.1,40.6,42.0,38.9,40.7,37.7,33.7,43.2,50.1,40.3,45.8,42.4,46.1,37.0,48.5,44.6,39.1,49.4,46.2,33.2,39.9,42.1,45.2,43.5,48.1,37.7,43.5,41.2,44.3,41.3,44.7,40.6,40.7,48.8,48.2,45.5,43.0,38.0,53.0,42.8,45.1,27.1,43.4,38.7,44.5,41.9,41.0,42.6,45.1,33.8,49.0,54.4,42.9,48.4,46.2,43.1,40.3,38.3,43.3,36.6,38.7,41.1,35.5,38.8,34.8,39.2,43.8,36.6,42.0,38.5,39.2,35.0,41.2,44.6,40.0,50.8,45.9,36.8,29.2,32.0,34.2,42.0,36.8,38.7,39.2,36.6,33.8,40.0,40.2,37.2,47.0,47.0,42.9,41.8,45.6,37.4,42.3,39.7,42.8,45.1,46.6,42.4,38.4,44.5,35.9,41.1,46.5,48.6,43.5,40.1,41.3,36.3,38.1,47.7,46.0,34.2,40.5,40.2,49.5,36.7,43.7,47.1,43.5,41.6,49.1,-8.651613849801414e-09,8.446860014203502e-05,-0.32980624021471605,643.721189664078,-628075.8258730768,245070897.1344552,-4.325806924900707e-08,0.00033787440056814007,-0.9894187206441482,1287.442379328156,-628075.8258730768
AL,Bullock,jan,44.2,43.1,41.5,49.0,43.7,42.7,47.2,44.9,43.3,41.1,39.2,45.8,54.4,44.1,51.3,47.2,51.1,41.7,52.5,47.3,45.6,55.2,53.1,40.5,45.5,49.9,51.5,47.3,52.7,42.4,49.0,46.1,49.0,45.6,50.8,47.6,46.4,53.7,52.8,49.4,48.8,45.7,58.8,47.4,50.5,34.9,47.2,44.9,49.3,47.6,47.6,49.2,51.3,40.5,54.5,60.9,48.5,53.5,49.7,49.3,45.7,43.6,50.2,41.0,45.1,45.4,39.8,43.9,40.8,44.3,48.1,41.3,47.1,43.5,44.4,38.0,45.8,50.8,45.2,58.0,50.9,42.1,35.3,37.4,39.5,48.9,40.5,44.6,43.4,42.8,39.1,44.4,44.5,42.3,52.6,51.7,47.1,45.5,51.1,43.0,47.2,45.3,48.5,49.0,50.5,49.0,42.9,48.0,42.0,45.5,49.9,52.6,49.2,44.8,47.6,42.1,41.9,50.7,53.2,38.4,45.6,45.4,53.9,42.4,48.3,50.6,48.5,44.8,52.0,-1.016593377952603e-08,9.915690688128195e-05,-0.38677580130586825,754.1640337946995,-735092.6965716095,286535085.68167454,-5.082966889763015e-08,0.0003966276275251278,-1.1603274039176048,1508.328067589399,-735092.6965716095
AL,Butler,jan,46.4,46.0,44.1,51.4,46.6,45.9,48.7,46.8,46.0,44.4,42.2,49.0,55.6,45.5,52.6,47.4,53.0,43.0,53.5,49.5,45.2,55.2,53.5,41.5,46.9,50.6,52.8,49.2,54.3,43.4,50.6,46.6,50.1,45.6,51.2,47.8,46.3,53.8,54.0,50.4,48.9,46.6,59.8,47.7,51.3,35.2,48.2,44.9,49.6,47.2,47.1,48.4,51.6,41.0,54.3,62.4,49.1,55.0,50.4,49.2,46.3,44.2,52.2,41.1,45.4,46.2,41.0,44.8,41.6,43.6,47.7,42.2,46.6,44.2,44.6,39.0,46.8,50.9,45.2,57.8,51.3,42.4,35.4,37.9,40.0,49.6,41.4,45.9,43.5,43.0,40.5,45.2,45.3,43.1,53.0,51.4,47.1,44.9,50.5,42.9,47.1,46.0,47.6,49.7,51.3,49.3,43.4,48.4,42.6,46.4,51.1,53.0,48.4,44.9,47.3,42.4,42.8,51.8,53.0,39.2,46.2,45.4,54.4,43.5,48.9,52.2,49.7,46.2,54.0,-7.65262314600114e-09,7.468023630749892e-05,-0.2914437456246885,568.5481941578249,-554425.4018080301,216208198.35959372,-3.82631157300057e-08,0.00029872094522999566,-0.8743312368740654,1137.0963883156498,-554425.4018080301
AL,Calhoun,jan,40.7,41.9,38.5,46.3,41.0,40.9,42.9,39.5,40.5,37.4,34.6,42.7,50.7,40.7,47.0,42.8,46.4,37.7,48.9,44.3,40.0,49.6,46.9,33.9,40.7,43.2,46.0,43.8,48.0,37.6,43.4,41.1,45.0,41.8,44.7,42.0,41.0,49.9,48.5,45.9,44.8,38.8,54.6,43.4,44.8,28.4,43.5,40.2,45.2,42.5,41.1,43.2,45.4,35.0,49.5,55.0,43.7,49.2,46.4,44.8,41.5,40.3,45.9,37.8,40.9,43.2,37.2,40.9,37.0,40.1,43.6,37.5,43.2,39.3,39.8,35.5,42.5,45.6,40.5,51.9,46.7,37.4,30.0,32.8,35.6,43.2,36.6,38.2,39.4,38.0,34.4,40.7,40.9,38.3,47.4,47.5,43.2,42.5,46.2,38.6,42.9,40.6,44.0,45.8,46.5,43.0,39.2,44.7,37.7,41.7,47.1,48.8,44.9,40.9,43.0,37.7,39.1,48.0,47.9,34.9,41.6,41.4,50.5,38.4,44.1,48.1,44.6,42.1,49.8,-1.0077526121000232e-08,9.853669109119445e-05,-0.3853145738083407,753.210482909526,-736038.9195428012,287646318.4957912,-5.038763060500116e-08,0.0003941467643647778,-1.155943721425022,1506.420965819052,-736038.9195428012
AL,Chambers,jan,42.1,42.2,39.9,47.7,42.5,40.5,44.6,40.9,40.7,37.2,35.8,43.2,51.8,41.0,48.0,43.6,47.1,38.4,49.1,44.6,41.7,51.2,48.8,36.7,42.8,46.0,47.5,43.7,48.5,39.1,45.0,41.9,45.7,42.9,45.8,44.0,42.1,50.9,50.2,45.4,45.4,41.5,55.8,44.6,46.4,31.2,44.9,41.9,46.9,43.8,43.5,45.6,47.2,38.5,51.1,56.4,45.3,51.1,47.3,46.0,42.8,41.2,47.3,38.3,42.4,43.6,38.1,42.2,38.2,40.5,44.5,39.5,44.7,40.1,41.2,35.9,43.4,47.6,42.0,54.6,47.4,39.0,31.9,34.6,37.4,45.0,38.2,41.2,40.7,40.0,36.5,41.8,42.1,39.5,49.0,48.5,44.5,43.2,47.8,40.4,44.5,42.0,45.5,46.3,48.2,44.8,40.6,46.2,39.2,42.8,47.3,49.7,46.3,41.8,44.9,38.9,40.0,47.8,50.6,36.8,42.8,42.1,50.3,38.8,45.5,47.6,44.8,42.7,48.8,-1.3083534942823614e-08,0.0001279085751527383,-0.5000999734312984,977.477039141124,-955099.9411713292,373227472.5851737,-6.541767471411806e-08,0.0005116343006109532,-1.5002999202938954,1954.954078282248,-955099.9411713292
AL,Cherokee,jan,39.9,41.8,37.2,45.4,40.0,40.4,42.4,39.0,39.8,36.9,34.4,42.9,49.7,39.8,46.5,41.1,45.7,36.8,48.3,43.6,39.4,48.1,45.4,32.4,40.9,42.2,45.0,42.6,46.6,36.4,42.4,39.9,43.2,41.0,43.0,40.6,39.9,49.1,47.9,44.7,43.6,37.6,53.5,42.8,43.8,27.4,42.2,39.2,43.9,41.6,41.0,42.6,45.2,34.8,49.2,54.3,42.6,48.4,46.2,43.4,40.5,39.2,44.2,36.6,39.7,42.3,35.9,39.2,35.6,39.1,42.8,36.6,42.4,38.1,38.7,34.6,41.2,44.8,39.9,50.6,46.1,36.5,28.9,31.9,35.0,41.9,35.9,36.6,39.0,37.0,33.2,39.8,39.8,37.1,46.7,47.4,42.5,42.1,45.3,36.9,42.2,39.4,43.3,45.4,46.0,42.1,38.4,44.1,37.0,40.3,46.5,47.6,44.1,40.3,41.4,36.8,38.3,47.1,46.5,34.3,40.4,40.0,49.2,37.4,43.0,46.9,43.6,40.9,49.4,-1.0070003836104566e-08,9.846794335180072e-05,-0.38506650695125505,752.7700786855535,-735655.9630259634,287516737.3126693,-5.0350019180522825e-08,0.0003938717734072029,-1.155199520853765,1505.540157371107,-735655.9630259634
AL,Chilton,jan,42.4,43.1,43.0,49.3,43.4,42.6,46.2,42.6,43.3,41.2,38.6,45.3,53.3,43.2,49.1,44.9,49.0,40.0,49.8,45.4,41.6,50.7,48.8,37.1,43.8,46.5,48.8,45.9,49.8,40.9,46.6,43.5,48.1,43.4,48.4,44.6,43.2,51.5,51.4,47.9,46.1,42.5,56.9,45.7,48.4,32.2,45.8,42.2,47.6,44.9,44.7,46.4,48.7,38.3,52.0,58.5,45.9,51.8,47.7,46.5,43.8,41.8,48.0,39.2,42.9,44.0,38.8,41.9,38.9,41.6,45.7,39.7,44.4,41.6,42.9,37.2,44.9,48.4,42.6,54.7,48.5,40.2,33.1,35.8,37.8,46.0,38.8,42.5,41.9,39.7,35.9,42.8,42.3,40.0,49.7,49.2,45.5,43.4,48.6,40.4,45.1,42.7,46.0,47.2,49.2,46.3,40.8,46.5,39.2,43.8,48.7,51.1,46.1,42.5,45.2,40.9,40.4,49.4,49.4,36.2,43.1,41.9,51.3,39.2,45.3,49.0,46.5,43.8,51.3,-1.0778544778787434e-08,0.00010537230625364288,-0.41197393581907277,805.192806607882,-786714.0792869594,307404995.6868468,-5.3892723893937164e-08,0.0004214892250145715,-1.2359218074572182,1610.385613215764,-786714.0792869594
AL,Choctaw,jan,44.9,45.4,43.5,50.8,45.4,46.2,48.0,45.3,45.3,43.2,41.9,48.1,55.3,44.6,51.1,47.3,53.5,41.8,54.4,48.8,44.0,52.7,50.5,39.3,44.6,49.3,51.2,48.9,52.2,41.2,48.5,45.1,51.3,46.8,51.5,47.9,45.6,53.8,53.1,50.8,48.8,46.1,59.0,48.9,51.2,34.4,48.8,44.9,51.1,47.6,47.5,49.3,51.1,40.9,55.6,61.3,48.5,54.5,50.2,48.4,46.0,43.5,51.0,41.3,44.3,45.5,40.9,43.8,40.0,44.0,49.0,42.3,46.8,44.5,46.1,40.6,47.6,51.7,44.6,56.6,51.0,43.2,35.2,38.1,39.3,49.0,41.8,46.4,44.0,41.5,39.3,44.5,44.4,42.3,52.0,51.2,46.9,45.3,49.8,42.6,47.5,46.0,47.6,49.2,51.4,48.9,43.0,48.6,41.8,45.9,51.4,52.5,47.6,44.3,47.6,41.3,43.6,52.2,51.3,39.6,44.9,45.0,54.9,42.2,48.3,50.5,48.7,46.6,53.5,-9.895579490149768e-09,9.67495317854091e-05,-0.3782922041216454,739.4123866418589,-722481.6222248783,282317412.28205305,-4.947789745074884e-08,0.0003869981271416364,-1.134876612364936,1478.8247732837178,-722481.6222248783
AL,Clarke,jan,46.2,46.4,44.8,50.4,46.5,47.6,48.4,46.8,45.4,43.5,43.2,49.6,55.4,44.7,52.1,48.2,54.1,42.7,55.4,49.3,44.5,53.8,51.4,40.8,46.2,50.8,52.0,50.7,53.1,41.7,49.8,45.9,50.9,46.5,51.6,48.8,45.7,54.0,54.1,50.5,48.1,47.0,59.6,48.6,51.6,35.2,49.1,45.0,50.2,47.4,47.7,48.7,51.8,41.3,55.4,61.9,49.1,55.6,51.3,49.9,46.6,44.2,52.6,42.0,45.7,46.9,42.0,45.7,41.8,45.3,49.6,43.2,47.9,45.6,46.7,40.9,48.6,52.3,45.5,57.6,51.6,44.0,35.8,38.4,40.4,50.2,42.0,47.3,45.1,42.6,40.3,45.5,45.4,43.7,53.0,52.1,48.1,45.8,51.0,43.5,48.0,47.1,48.2,50.1,52.9,50.2,44.1,48.6,42.9,46.8,52.6,53.8,49.0,45.3,48.5,42.4,44.6,53.6,52.7,40.8,46.1,45.4,55.4,42.6,50.1,51.8,50.8,47.5,54.0,-7.768086362074973e-09,7.591158470229155e-05,-0.29666476216396936,579.559055527468,-565982.751695227,221040834.24102077,-3.884043181037487e-08,0.0003036463388091662,-0.8899942864919081,1159.118111054936,-565982.751695227
AL,Clay,jan,40.9,41.4,39.4,46.8,41.5,40.5,43.4,40.0,41.0,38.1,35.7,42.5,52.0,41.1,47.5,43.7,46.8,38.2,48.7,44.6,40.6,50.5,48.1,35.4,41.0,44.5,46.8,43.9,48.4,38.4,44.1,41.5,45.9,42.2,45.6,43.2,41.4,50.4,49.1,45.7,45.4,39.9,55.5,43.9,45.5,29.4,44.0,40.8,45.8,42.8,42.1,44.2,45.7,36.4,49.8,55.9,44.5,49.9,46.6,45.0,41.8,40.3,46.3,37.8,41.6,42.6,37.6,41.2,37.6,39.7,43.4,37.6,43.3,39.3,40.7,35.9,42.9,46.4,41.4,53.4,47.1,37.9,30.0,32.9,35.2,44.2,37.3,39.8,39.7,38.6,35.1,40.6,40.9,38.9,48.0,47.5,43.6,42.1,46.7,39.0,43.1,40.1,44.2,45.7,46.5,43.7,39.3,44.7,37.9,41.8,46.9,48.8,44.8,40.9,43.5,38.0,39.1,47.4,48.4,34.8,41.6,40.8,49.9,38.0,44.2,47.3,44.2,41.6,49.0,-1.0020302934159708e-08,9.790227995103758e-05,-0.3825396325138946,747.2082427411202,-729605.9686746828,284909283.54022694,-5.0101514670798536e-08,0.00039160911980415034,-1.147618897541684,1494.4164854822404,-729605.9686746828
AL,Cleburne,jan,40.0,41.3,37.6,45.7,40.4,39.8,42.5,38.7,39.2,36.0,34.4,41.6,49.3,39.6,46.3,41.6,45.5,36.6,47.4,42.8,39.2,48.4,45.8,32.9,40.6,42.8,45.3,42.4,46.6,36.8,42.5,39.9,44.2,41.0,43.5,41.7,40.0,49.0,47.7,44.5,44.0,38.0,53.8,42.6,43.6,27.8,42.5,39.7,44.1,41.5,40.6,42.8,45.0,34.6,48.6,54.0,43.0,48.7,45.5,43.6,40.6,39.2,44.9,37.1,40.3,42.1,36.1,39.9,36.4,38.7,42.1,36.6,42.4,38.3,39.1,34.8,42.1,44.6,39.6,51.7,45.7,36.6,29.6,32.0,35.3,42.6,36.0,37.5,38.8,37.7,34.1,40.1,40.1,37.5,46.8,46.9,42.7,42.0,45.6,37.9,42.3,39.6,43.4,45.0,45.7,42.3,38.2,43.6,37.4,40.9,46.7,48.1,44.6,40.3,42.6,37.1,38.4,47.0,47.7,33.9,40.8,40.9,49.7,37.9,43.3,47.6,44.1,41.7,49.4,-1.053771057141777e-08,0.00010306804386010108,-0.4031605399154611,788.3485886053712,-770628.2769636606,301264596.8730101,-5.268855285708885e-08,0.0004122721754404043,-1.2094816197463834,1576.6971772107424,-770628.2769636606
AL,Coffee,jan,46.7,46.0,44.7,52.2,47.1,45.9,49.4,47.8,45.9,44.2,42.9,48.5,56.5,46.3,54.0,47.8,53.2,44.0,55.0,49.9,46.4,55.9,54.7,42.2,47.6,51.6,53.6,49.6,54.6,45.2,51.9,47.4,50.8,47.1,52.1,48.4,47.1,54.9,54.1,51.6,50.9,48.4,61.0,49.7,53.2,37.0,49.5,46.9,51.7,48.4,48.6,50.2,53.8,43.0,55.9,63.4,50.8,55.4,51.8,50.3,47.3,45.5,53.4,42.5,46.8,47.7,42.3,46.4,43.3,45.2,49.3,43.0,48.7,45.7,46.5,40.1,47.8,53.1,46.5,61.0,52.5,44.1,38.0,39.3,41.3,50.8,42.5,45.9,44.4,44.9,41.5,46.1,46.0,44.4,54.9,52.2,49.5,46.8,52.7,44.6,48.2,46.5,49.2,50.3,52.2,50.1,44.4,49.5,43.1,47.5,51.8,53.9,49.7,46.3,48.7,43.7,43.4,52.8,54.7,39.6,47.1,46.1,54.9,43.4,49.9,52.3,49.5,46.3,54.2,-9.20994295820955e-09,8.9927720789109e-05,-0.35115192456781735,685.4425535660805,-668838.6287540289,260997129.64190012,-4.604971479104775e-08,0.000359710883156436,-1.053455773703452,1370.885107132161,-668838.6287540289
AL,Colbert,jan,37.0,39.6,37.0,45.5,39.1,39.8,41.2,38.0,39.8,37.1,32.3,42.7,50.2,40.2,43.3,41.2,45.0,35.1,45.4,44.1,36.9,46.2,42.8,28.7,39.8,40.2,44.7,39.6,45.3,35.4,40.6,38.2,42.0,39.2,40.7,37.7,39.1,47.3,47.1,43.7,41.0,35.6,49.3,42.2,43.8,25.3,41.4,36.9,41.6,41.0,38.6,40.9,43.6,31.6,47.7,51.8,41.5,47.0,45.4,41.9,38.8,37.4,40.1,35.2,38.4,40.2,34.9,36.9,33.4,39.5,41.5,34.0,41.9,37.0,38.8,34.3,39.2,43.3,37.6,47.0,44.0,36.1,27.1,29.5,31.3,41.7,35.7,37.5,38.1,34.8,31.1,38.8,38.7,35.2,45.8,46.2,41.3,40.7,44.0,35.7,41.6,39.3,40.4,44.4,45.2,41.2,36.5,43.1,34.9,40.5,45.6,47.0,42.1,37.9,38.8,34.6,36.1,45.4,44.4,33.3,38.7,38.5,48.5,36.3,42.0,46.3,42.6,38.6,47.9,-6.923831794282841e-09,6.763442095118316e-05,-0.26421362845797913,515.9634831729919,-503685.1855007531,196637388.0572616,-3.461915897141421e-08,0.0002705376838047326,-0.7926408853739374,1031.9269663459838,-503685.1855007531
AL,Conecuh,jan,48.3,47.7,45.4,52.6,48.8,47.3,49.6,48.9,47.9,46.1,43.5,51.1,56.5,46.6,53.7,48.2,54.7,44.2,54.4,51.2,46.2,56.1,54.9,42.0,47.9,52.1,54.4,51.0,55.6,44.1,52.5,47.6,50.7,46.1,51.6,48.6,46.8,55.5,55.6,50.9,49.8,48.1,60.9,48.6,51.7,36.1,49.0,45.2,50.4,47.7,48.0,49.4,53.4,42.4,55.5,63.7,50.2,56.7,51.7,50.4,47.8,45.3,54.1,42.2,46.1,47.5,41.9,46.1,42.8,44.2,48.9,43.6,47.4,46.0,46.2,40.3,48.8,52.6,46.7,59.2,51.6,44.1,37.0,39.3,41.8,51.2,42.4,47.3,44.7,44.2,41.2,46.9,46.3,44.5,54.6,52.1,49.0,46.4,52.2,44.5,48.9,47.0,49.3,50.6,52.6,50.4,44.2,49.1,43.3,47.4,52.2,54.2,49.5,46.5,49.1,43.5,44.1,53.6,54.3,40.5,47.2,46.3,55.6,44.4,50.5,53.4,51.0,47.7,54.5,-6.655851637207425e-09,6.494752726559426e-05,-0.2534392481726058,494.3644441190596,-482039.41319805005,187961899.3385173,-3.327925818603713e-08,0.00025979010906237705,-0.7603177445178175,988.7288882381192,-482039.41319805005
AL,Coosa,jan,42.2,42.6,42.0,48.6,42.9,41.9,45.6,42.2,43.1,40.6,38.2,44.6,53.5,43.0,49.1,45.1,48.9,39.9,49.9,45.8,42.1,51.6,49.6,37.4,43.1,46.5,48.7,45.6,50.0,40.6,46.2,43.3,47.8,43.6,48.0,44.8,43.3,51.7,51.1,47.6,46.5,42.3,56.9,45.4,47.6,31.7,45.7,42.4,47.4,44.5,44.2,46.1,47.8,38.1,51.3,57.9,45.7,51.4,47.6,46.3,44.0,41.3,47.8,38.9,42.6,43.7,38.6,41.8,39.4,41.2,45.2,39.2,44.3,40.7,42.3,37.2,44.9,48.1,42.7,54.8,48.1,39.2,32.1,35.4,37.6,45.6,38.5,42.1,41.2,39.8,36.7,42.4,42.4,40.1,49.6,48.7,45.3,43.2,48.3,40.4,44.5,42.3,45.6,47.0,48.6,45.7,40.8,46.3,39.5,43.2,48.2,50.3,45.9,42.2,44.8,39.6,40.1,48.6,49.3,35.8,42.8,41.8,50.9,39.0,45.2,48.5,45.8,43.0,50.3,-9.651572431873662e-09,9.42442819681063e-05,-0.3680284744017261,718.4344683249963,-701087.2814646102,273606335.01529217,-4.8257862159368306e-08,0.0003769771278724252,-1.1040854232051782,1436.8689366499925,-701087.2814646102
AL,Covington,jan,47.8,47.1,45.4,52.9,48.4,46.9,50.0,48.8,47.4,45.5,43.5,50.0,57.1,47.0,54.2,48.4,54.2,44.6,55.0,50.4,46.4,55.9,55.4,42.6,48.2,52.0,54.1,50.5,55.2,45.1,52.6,47.7,50.9,46.4,52.1,48.7,47.3,55.4,55.0,51.3,50.6,48.4,61.4,49.4,52.7,36.6,49.4,46.2,51.4,48.3,48.1,50.0,54.1,42.8,56.1,63.5,50.3,56.0,51.4,49.9,47.5,45.3,53.4,42.2,46.6,47.9,41.9,46.5,43.4,44.9,48.9,44.0,48.3,46.1,47.0,40.3,49.0,52.9,46.7,60.0,51.9,44.0,38.2,39.8,42.0,51.6,42.5,47.3,44.8,44.7,42.2,46.9,46.2,44.8,55.0,52.0,49.6,46.6,52.6,45.0,48.6,47.2,49.5,50.8,52.2,50.3,43.8,49.4,43.6,47.1,52.7,53.9,50.0,46.6,49.4,43.4,43.9,53.2,54.7,40.3,47.2,46.6,55.3,44.6,50.1,52.6,50.0,47.1,54.8,-6.889675408178348e-09,6.720287290570454e-05,-0.2621376480446333,511.1320440483108,-498194.1839027232,194185070.58929926,-3.444837704089174e-08,0.0002688114916228182,-0.7864129441338998,1022.2640880966215,-498194.1839027232
AL,Crenshaw,jan,45.7,45.3,43.8,51.4,45.8,45.5,48.6,46.6,45.5,43.7,41.9,48.2,55.6,45.4,52.8,47.3,52.7,43.1,53.8,49.3,45.5,55.5,53.8,41.6,46.8,50.3,52.6,48.5,54.1,43.8,50.4,46.4,50.2,46.0,51.3,47.7,46.5,53.9,53.7,50.3,49.2,46.8,59.4,47.8,51.4,35.3,48.0,45.2,49.7,47.3,47.0,48.0,51.1,40.5,54.0,61.8,49.2,54.3,50.2,49.2,45.9,44.0,51.8,40.8,45.7,46.4,40.7,44.4,41.4,43.2,47.5,41.5,46.9,44.0,44.9,38.7,46.7,51.1,45.1,58.4,51.3,41.9,35.7,37.7,40.0,49.3,40.9,44.7,42.7,42.6,39.8,44.5,44.8,42.9,52.9,51.4,47.2,45.0,50.7,42.6,47.0,45.6,47.8,49.4,51.0,49.2,43.2,48.1,42.7,46.2,50.7,52.7,48.5,44.7,47.1,42.2,42.5,51.2,52.8,38.6,45.8,45.1,54.2,42.5,48.3,51.3,49.0,45.6,53.7,-7.78709967573692e-09,7.592538180057275e-05,-0.2960384251752272,576.9904477370529,-562144.7987704149,219016335.23863107,-3.8935498378684605e-08,0.000303701527202291,-0.8881152755256816,1153.9808954741059,-562144.7987704149
AL,Cullman,jan,39.2,40.5,38.5,44.9,40.1,40.6,41.7,39.1,40.9,37.5,33.2,43.6,49.9,40.4,46.0,42.1,46.2,36.6,47.4,44.6,38.5,48.3,45.5,32.5,40.0,42.0,45.1,42.6,47.4,37.2,42.9,40.6,43.6,40.7,44.0,40.3,40.0,48.2,47.8,45.0,42.2,37.6,52.5,42.7,45.1,26.3,42.9,38.4,43.6,41.4,40.7,42.5,45.2,33.8,48.3,54.2,42.5,48.1,46.0,42.7,39.9,38.1,42.3,36.6,38.1,40.4,35.0,37.8,34.2,40.0,42.9,35.4,41.3,37.7,38.7,34.4,40.4,44.1,39.2,49.8,45.0,36.2,28.4,31.2,33.4,41.1,36.4,38.4,38.7,35.5,33.2,40.0,39.4,36.7,46.6,46.6,42.5,41.4,44.8,36.7,41.6,39.4,41.9,44.9,45.9,41.2,37.8,43.8,35.7,40.4,45.9,48.0,42.6,39.8,40.1,35.7,37.1,47.0,45.0,33.1,39.8,38.7,48.6,35.6,43.3,46.4,42.7,40.8,49.0,-7.86036766386059e-09,7.67236773484792e-05,-0.29948642774196155,584.3808694404653,-570014.4687186728,222349849.9670777,-3.930183831930295e-08,0.0003068947093939168,-0.8984592832258846,1168.7617388809306,-570014.4687186728
AL,Dale,jan,46.8,45.9,44.8,52.2,46.9,45.6,49.2,47.4,45.5,43.8,43.0,48.1,56.5,46.3,54.0,47.3,52.6,43.8,55.0,49.7,46.6,55.9,54.5,42.0,47.6,51.8,53.6,49.8,54.5,45.6,52.1,47.5,50.6,47.6,52.2,48.6,46.7,55.0,53.9,52.1,51.6,48.8,61.6,49.9,54.0,37.5,49.9,47.4,52.3,48.8,49.5,51.3,55.2,44.1,56.3,63.7,51.9,55.4,53.0,50.9,47.7,46.2,53.8,43.1,47.2,48.1,43.2,46.8,43.6,46.1,50.4,43.3,50.1,46.8,47.4,41.3,48.5,54.4,47.6,62.0,53.0,45.0,38.4,39.9,41.9,51.1,43.2,46.5,44.8,45.4,42.3,46.6,46.7,44.6,55.6,53.2,49.9,47.4,53.4,45.0,48.6,47.1,49.9,50.6,52.2,50.3,44.8,50.3,43.6,47.8,52.0,54.4,50.1,46.5,49.1,44.0,43.8,53.4,55.4,40.2,47.6,46.5,55.4,43.8,50.3,52.8,49.8,46.7,53.9,-1.0198799473966649e-08,9.969165814367578e-05,-0.3897092319510546,761.5605280047757,-743960.3201483651,290647485.0485481,-5.099399736983325e-08,0.0003987666325747031,-1.1691276958531638,1523.1210560095515,-743960.3201483651
AL,Dallas,jan,44.8,45.1,43.8,50.2,45.4,45.1,48.7,44.1,44.1,43.5,41.1,47.2,55.0,44.4,50.8,47.1,50.9,41.2,51.9,47.2,43.0,52.6,50.3,40.1,46.0,48.8,50.5,48.5,52.4,41.9,48.4,45.2,50.1,45.4,50.7,46.9,45.1,53.4,53.3,50.4,47.5,45.0,58.8,47.3,50.4,34.4,47.7,43.8,49.7,46.7,46.8,48.2,50.6,40.2,54.4,61.0,49.2,54.9,50.7,48.8,45.6,43.8,51.1,41.3,45.0,45.9,40.9,44.0,40.7,44.6,48.9,42.4,46.8,44.2,45.2,39.7,47.0,51.2,45.0,57.0,50.9,42.4,35.2,37.3,39.6,48.4,41.6,45.5,44.1,41.8,38.7,44.6,44.3,41.8,51.3,51.5,47.2,45.4,50.3,42.8,46.9,45.0,47.6,49.6,51.5,49.3,42.7,47.9,41.3,45.7,50.4,52.4,48.0,43.6,46.8,41.6,42.4,51.4,51.5,38.3,45.0,44.6,53.6,40.9,48.1,50.6,48.1,45.6,52.5,-9.9589217618133e-09,9.74014881727487e-05,-0.38097360576885353,744.9208604882466,-728133.9362726669,284635008.4227246,-4.97946088090665e-08,0.0003896059526909948,-1.1429208173065606,1489.8417209764932,-728133.9362726669
AL,De Kalb,jan,38.5,40.0,36.0,44.0,39.1,39.7,40.8,38.1,38.7,36.4,33.0,42.8,49.2,39.1,45.6,39.9,44.8,35.6,47.8,43.4,38.4,47.4,44.4,31.3,39.6,41.1,43.9,41.5,45.3,35.1,41.4,38.8,41.3,39.9,41.2,38.6,38.5,47.9,46.8,43.7,42.0,36.0,52.3,41.6,42.8,25.8,40.5,37.0,42.5,40.2,39.6,41.0,43.7,33.5,47.8,52.9,41.1,46.8,45.0,41.4,38.8,37.5,42.1,35.2,38.0,40.6,34.2,37.7,33.7,37.7,41.4,34.8,40.8,37.2,37.3,32.9,39.3,43.5,38.7,48.8,44.2,35.2,27.1,30.4,32.9,40.6,34.5,35.2,37.6,35.4,31.5,38.1,38.2,35.5,45.1,45.9,40.9,40.4,44.0,35.0,40.6,37.6,41.2,44.0,44.5,40.7,36.6,42.2,34.9,39.0,45.3,46.3,42.5,38.4,39.3,35.1,36.4,45.4,44.8,32.6,39.1,38.1,47.8,35.8,41.5,45.0,41.9,38.9,48.1,-7.737478160312758e-09,7.555951550767104e-05,-0.29508125740685665,576.058801673227,-562166.2227127679,219394390.6075911,-3.868739080156379e-08,0.00030223806203068417,-0.8852437722205699,1152.117603346454,-562166.2227127679
AL,Elmore,jan,43.7,43.6,42.7,49.6,44.0,43.1,47.5,44.4,44.5,42.0,40.0,46.3,54.5,44.5,50.8,46.6,50.7,41.3,51.6,47.0,44.2,53.4,51.6,39.8,45.0,48.6,50.6,47.0,51.9,42.2,48.0,45.1,49.4,45.2,50.0,46.8,45.3,53.1,52.7,49.2,48.2,44.7,58.5,47.0,49.5,34.0,47.3,44.2,49.0,46.6,46.2,47.8,49.5,39.4,53.0,59.7,47.4,53.1,48.9,47.7,44.8,42.9,49.5,40.3,44.5,45.2,39.9,43.3,40.9,42.9,46.6,41.0,46.2,42.3,44.4,38.6,46.6,50.1,44.2,56.6,49.4,40.7,33.6,36.9,38.9,47.8,40.0,43.6,42.6,41.5,38.4,43.4,43.6,41.4,51.2,50.0,46.6,44.5,49.6,41.8,46.4,44.0,47.2,48.3,50.0,47.3,42.2,47.5,41.2,44.7,49.3,51.7,47.4,43.4,46.4,40.9,41.1,49.7,51.0,37.1,44.6,44.3,52.9,41.1,47.1,50.1,47.9,44.6,51.6,-8.734654128066925e-09,8.524877980716801e-05,-0.33272886256941275,649.1757995739553,-633145.3425253845,246946887.77187365,-4.367327064033463e-08,0.00034099511922867204,-0.9981865877082383,1298.3515991479105,-633145.3425253845
AL,Escambia,jan,48.9,48.4,46.4,53.5,49.6,48.3,50.6,49.9,48.7,46.7,44.7,51.8,57.5,47.6,54.6,49.3,55.5,45.2,55.4,51.7,47.0,56.2,55.8,43.1,48.7,52.4,54.7,51.6,55.8,45.1,53.9,47.7,52.0,45.7,52.4,49.2,47.7,56.1,55.6,51.0,51.1,49.8,61.7,49.6,52.0,37.4,49.9,45.8,51.1,48.3,48.7,50.2,54.7,43.3,56.7,64.0,50.7,57.8,52.5,51.8,48.7,46.1,55.1,43.1,46.6,48.1,43.0,47.3,44.1,46.1,50.5,44.4,49.1,47.2,48.4,42.0,50.5,54.5,47.9,61.2,52.8,45.4,39.5,40.2,43.1,52.2,43.0,48.4,45.8,45.2,42.3,48.3,47.2,45.6,55.9,52.9,50.5,47.3,53.3,45.7,49.9,47.8,50.2,51.4,53.4,51.7,45.0,50.1,44.3,48.2,53.2,55.1,50.7,47.8,50.4,44.5,45.6,54.8,55.4,41.8,48.2,47.3,56.8,44.8,51.1,53.6,51.3,48.6,55.4,-5.238183288583656e-09,5.108982343929378e-05,-0.19926605751592055,388.4965623730611,-378613.1394837001,147553228.78679743,-2.619091644291828e-08,0.00020435929375717512,-0.5977981725477617,776.9931247461222,-378613.1394837001
AL,Etowah,jan,40.2,41.4,38.1,45.6,40.4,40.8,42.3,39.2,40.3,37.3,34.1,43.3,50.3,40.4,46.4,42.2,46.1,37.1,49.0,44.4,39.5,49.2,46.2,33.2,40.4,42.4,45.4,43.5,47.7,37.2,43.2,40.9,43.8,41.5,44.0,40.5,40.7,49.4,48.4,46.0,43.9,38.2,53.7,43.0,44.6,27.5,43.1,39.3,44.9,42.1,41.1,42.6,45.2,34.6,49.2,54.0,42.7,48.6,46.4,44.0,40.9,39.7,44.7,37.3,40.2,42.6,36.7,40.0,35.9,40.2,44.4,37.1,43.0,39.1,39.1,35.5,41.8,45.6,40.7,50.7,46.7,37.2,29.4,32.6,34.6,42.5,36.3,37.3,39.1,37.4,33.9,40.4,40.3,37.5,46.8,47.6,42.5,42.2,45.4,37.2,42.3,39.8,43.4,45.3,46.4,42.5,38.8,44.8,36.7,40.9,46.4,48.1,44.2,40.1,41.3,36.9,38.7,47.9,46.5,34.8,41.0,40.4,49.8,37.1,43.8,47.3,44.1,41.5,49.5,-8.278173446579199e-09,8.092213882569262e-05,-0.31634933820208416,618.2202991809028,-603943.5674890724,235948014.4621703,-4.1390867232895994e-08,0.0003236885553027705,-0.9490480146062525,1236.4405983618055,-603943.5674890724
AL,Fayette,jan,39.8,41.2,39.2,47.6,41.3,41.9,44.0,39.3,41.0,38.4,35.4,44.0,52.0,41.6,46.8,43.2,48.2,37.7,48.7,46.6,40.0,49.0,47.2,33.6,42.0,44.0,47.6,44.2,49.7,38.8,43.7,42.0,46.3,42.3,45.9,41.3,41.1,49.1,49.0,46.8,44.8,40.4,54.3,44.8,47.4,29.4,45.0,40.2,45.5,43.6,42.8,44.7,47.7,35.8,51.0,57.1,44.2,50.3,46.5,44.4,41.2,40.1,44.2,38.0,40.7,42.3,36.5,40.6,36.1,40.6,45.2,37.6,43.8,40.4,42.2,36.9,42.9,46.7,40.6,50.6,46.8,37.1,31.2,33.3,34.6,43.7,36.9,40.6,40.7,37.4,33.8,40.3,41.0,38.0,48.0,48.3,43.3,42.3,46.4,38.3,43.2,41.1,43.3,45.3,47.3,44.0,38.2,44.8,37.4,42.0,47.5,48.8,44.6,40.5,42.6,37.7,39.3,48.4,47.0,35.1,41.0,40.6,51.0,38.6,44.5,47.9,44.3,41.8,49.4,-9.645460395821425e-09,9.4267480530616e-05,-0.36844206196486745,719.8711948067835,-703102.4405978769,274631684.0648994,-4.822730197910713e-08,0.000377069922122464,-1.1053261858946024,1439.742389613567,-703102.4405978769
AL,Franklin,jan,37.3,39.4,36.8,45.4,39.3,39.9,41.3,37.8,39.9,37.0,32.5,42.8,50.3,40.2,43.6,41.4,45.3,35.2,45.6,44.2,37.1,46.3,43.2,29.2,39.9,40.5,44.8,39.9,45.8,35.6,40.8,38.4,42.4,39.4,41.0,38.0,39.2,47.3,47.2,44.0,41.3,35.8,50.3,42.4,44.6,26.2,42.2,37.9,42.3,41.5,39.6,41.5,44.3,32.8,47.9,52.6,42.4,47.9,45.2,42.0,38.7,37.3,40.8,35.4,37.9,40.1,35.1,37.1,33.4,38.9,41.9,34.3,41.5,37.3,38.8,34.3,39.3,43.4,38.3,48.1,44.2,36.0,27.8,29.8,31.4,42.1,35.8,38.0,38.6,35.4,31.0,38.8,38.7,35.5,46.1,46.4,41.0,40.6,44.0,35.6,41.4,39.2,40.7,44.2,45.3,41.2,36.1,43.1,34.7,40.5,45.2,47.1,42.1,37.9,38.7,34.6,36.2,45.6,44.3,32.8,38.3,38.3,48.4,36.0,42.1,46.1,42.3,38.8,47.9,-7.4500918370124985e-09,7.28064894879563e-05,-0.28454173019981327,555.9033846202508,-542912.9657339313,212045381.4162337,-3.7250459185062495e-08,0.0002912259579518252,-0.8536251905994399,1111.8067692405016,-542912.9657339313
AL,Geneva,jan,47.8,47.0,46.1,53.5,48.7,47.0,50.4,48.9,47.1,45.3,43.9,49.1,57.4,47.4,54.7,48.4,53.9,45.0,55.8,49.9,46.8,55.9,55.3,43.0,48.2,52.5,54.1,50.6,54.9,46.5,53.1,48.0,51.1,47.5,52.7,49.3,47.6,55.8,54.6,52.1,51.6,49.3,62.4,51.1,54.3,38.1,50.3,48.0,52.8,49.0,49.1,51.0,55.6,44.3,57.4,64.5,51.4,56.6,52.6,51.4,48.3,46.3,54.8,43.2,47.2,48.5,43.1,47.9,44.8,46.2,49.8,44.0,49.8,47.1,48.0,41.5,48.7,54.7,47.8,62.6,52.6,44.6,39.2,40.6,42.3,51.9,43.2,47.8,45.4,46.0,42.8,47.3,46.9,45.7,56.4,53.5,51.0,47.6,54.3,45.7,49.0,47.5,51.0,51.2,52.6,51.0,45.1,50.8,44.0,48.5,53.0,54.9,50.9,47.7,50.2,45.1,44.5,53.8,56.1,41.6,48.2,47.2,55.8,44.3,50.8,53.3,50.0,47.5,54.6,-1.0738526175174049e-08,0.00010494351869670363,-0.41014962292703866,801.3359637926285,-782658.7635745076,305707242.85468423,-5.369263087587025e-08,0.00041977407478681453,-1.230448868781116,1602.671927585257,-782658.7635745076
AL,Greene,jan,42.3,43.1,41.7,50.0,43.4,44.7,46.9,41.9,43.6,42.0,38.6,46.1,53.8,43.5,49.4,45.0,50.6,39.8,51.7,47.3,42.2,51.6,48.9,36.9,43.9,46.7,49.5,46.6,51.5,40.6,46.9,44.0,48.9,45.1,49.1,44.7,43.8,51.6,51.8,49.3,47.0,43.1,57.6,47.0,49.3,31.9,46.9,42.0,48.4,45.8,45.5,47.1,49.4,38.7,54.1,60.0,47.4,52.5,49.2,46.3,44.2,42.7,48.5,39.9,43.0,44.1,39.3,41.8,38.3,42.2,47.2,40.3,44.6,42.2,43.0,38.1,45.0,48.3,43.2,53.3,49.3,41.0,33.3,35.7,37.3,46.3,40.1,43.3,42.7,39.5,37.1,42.8,43.0,40.6,50.4,50.2,45.5,44.0,48.5,41.2,45.9,44.2,45.7,47.0,49.1,46.2,41.0,46.5,40.3,44.6,49.3,51.6,46.0,42.8,45.7,39.8,42.0,50.6,49.3,37.6,42.9,42.7,52.3,40.2,46.2,48.8,45.7,44.2,52.0,-1.1303636349418488e-08,0.00011047484436440542,-0.43180069879413435,843.6997744978246,-824094.6838989974,321914758.0691311,-5.651818174709244e-08,0.0004418993774576217,-1.2954020963824031,1687.3995489956492,-824094.6838989974
AL,Hale,jan,42.2,43.0,41.5,49.3,43.6,44.2,47.0,42.4,43.7,41.4,38.7,46.0,53.8,43.6,49.6,45.2,50.2,40.0,51.3,46.7,41.7,51.9,49.2,37.7,44.2,46.7,49.0,46.7,50.9,40.6,47.1,44.0,48.8,44.5,48.9,44.8,43.6,51.5,51.8,49.0,46.6,43.1,58.4,46.9,49.2,32.4,46.4,41.5,48.3,45.6,45.7,46.9,49.3,38.9,53.9,59.8,47.5,52.7,49.2,46.6,44.4,42.7,48.7,40.0,43.4,44.4,39.6,42.4,38.5,42.4,47.3,40.9,45.0,42.8,43.4,38.1,45.1,48.7,43.3,53.9,49.2,40.8,33.5,35.4,37.6,46.5,39.6,43.6,42.6,40.0,37.4,42.9,42.8,40.5,50.2,50.1,45.7,44.0,48.8,41.4,46.0,44.5,45.8,47.2,50.1,46.9,41.1,46.6,39.9,44.3,49.1,51.5,46.3,43.2,46.1,39.9,41.8,50.9,49.5,37.3,43.1,42.8,52.3,40.6,46.6,48.5,45.5,43.6,51.2,-1.1389638381911982e-08,0.00011130181299572234,-0.4349814665767838,849.8169407294262,-829976.9754769423,324177385.6628796,-5.694819190955991e-08,0.00044520725198288934,-1.3049443997303514,1699.6338814588523,-829976.9754769423
AL,Henry,jan,46.8,45.7,44.9,51.9,46.6,45.0,48.6,46.8,45.3,43.3,41.9,48.0,56.4,46.0,53.2,46.8,51.8,43.6,54.7,48.6,46.5,55.8,54.1,41.8,47.4,51.7,53.2,49.8,54.2,45.1,51.9,47.3,50.1,47.9,51.9,49.2,46.5,55.4,54.3,52.0,51.4,47.6,61.8,49.2,53.8,37.0,49.1,47.4,52.4,48.8,49.1,51.4,55.8,43.6,56.4,62.9,51.6,55.0,52.6,51.0,48.0,46.5,54.2,43.5,47.5,48.6,43.8,47.3,44.1,46.4,50.6,43.7,50.5,47.0,48.0,41.7,49.0,55.1,48.0,62.1,52.4,44.6,38.2,40.4,42.4,50.7,43.4,47.5,45.0,45.4,42.7,47.4,47.1,44.6,55.5,53.7,49.7,47.6,53.5,45.1,48.6,47.6,50.0,50.9,51.6,50.1,44.8,50.5,44.3,47.8,52.3,54.4,50.4,46.6,49.1,44.1,44.0,53.7,55.9,41.0,47.6,46.5,55.8,44.6,50.4,53.0,49.8,46.8,53.5,-1.0514823311697093e-08,0.0001028304853057718,-0.402177030512124,786.3173812261309,-768534.7150095692,300402778.78105116,-5.2574116558485465e-08,0.0004113219412230872,-1.206531091536372,1572.6347624522618,-768534.7150095692
AL,Houston,jan,48.0,47.1,46.4,53.7,48.6,46.8,50.3,48.6,46.8,45.2,43.7,49.1,57.3,47.4,54.7,48.1,53.3,45.1,56.0,49.7,47.2,56.8,55.4,43.3,48.4,52.9,54.0,50.8,55.1,47.0,53.4,48.5,51.0,48.4,53.1,50.2,47.6,56.5,55.0,52.7,52.1,49.6,63.0,51.2,54.8,38.2,50.4,48.5,52.9,49.3,50.0,52.1,56.6,44.9,57.6,64.6,52.7,56.7,53.8,52.6,48.9,47.2,55.7,44.0,48.1,49.4,44.2,48.2,45.4,47.3,51.1,44.8,51.2,48.0,49.1,42.8,49.5,56.3,49.0,63.5,53.4,45.4,39.6,41.4,43.0,51.8,43.6,48.4,45.7,46.7,43.8,48.0,48.1,45.7,56.8,54.7,51.5,48.2,54.8,46.1,49.3,48.7,51.4,52.0,53.3,51.3,45.8,51.7,44.8,48.9,53.4,55.7,51.5,47.7,50.4,45.3,44.9,54.4,57.0,42.4,48.6,47.8,56.5,45.2,51.3,54.6,50.6,48.1,54.8,-1.079810459222044e-08,0.00010560500630832366,-0.41304640640064527,807.6075798194634,-789385.1641205507,308570555.74616677,-5.3990522961102196e-08,0.00042242002523329463,-1.239139219201936,1615.2151596389267,-789385.1641205507
AL,Jackson,jan,37.8,38.9,36.3,44.0,39.2,39.9,40.3,38.0,38.7,36.8,33.0,43.3,49.7,39.4,45.1,40.1,44.9,35.4,48.2,43.6,38.4,47.5,43.9,31.0,39.7,41.2,43.7,41.4,45.6,35.0,41.3,38.8,40.8,39.6,40.9,38.9,38.4,47.5,46.8,43.5,41.6,35.6,51.8,41.2,42.9,25.5,40.1,36.3,42.0,40.0,38.7,40.7,43.5,33.3,47.4,52.7,41.2,46.6,45.4,41.0,38.9,37.2,41.4,35.3,38.0,40.8,34.4,37.9,33.3,38.3,41.4,34.7,40.4,37.3,37.6,32.5,38.6,43.1,38.5,48.1,43.8,35.3,26.5,30.3,32.7,40.8,34.5,35.6,38.1,35.0,32.3,37.6,38.1,35.2,45.0,45.5,40.9,40.1,44.1,34.4,40.5,37.1,40.3,43.8,44.0,40.4,36.2,42.2,34.4,39.3,45.4,46.2,42.0,38.1,38.8,34.8,36.2,45.0,44.4,32.0,38.5,37.8,47.6,35.5,41.0,44.7,42.2,38.9,47.9,-4.960606115575507e-09,4.834579577491632e-05,-0.188415116170656,367.04167782926174,-357402.17033702286,139165261.34209615,-2.4803030577877538e-08,0.00019338318309966527,-0.5652453485119681,734.0833556585235,-357402.17033702286
AL,Jefferson,jan,40.8,41.9,40.8,47.3,41.6,41.6,43.8,40.3,41.8,38.9,35.8,44.0,51.8,41.6,47.3,43.6,47.6,38.5,49.3,45.9,40.3,50.4,47.9,35.1,41.6,44.0,46.8,44.8,49.2,39.0,45.1,42.4,46.5,42.4,46.7,41.8,41.8,49.4,48.9,46.2,44.1,39.4,54.2,43.7,46.6,29.3,44.0,40.0,45.3,43.1,42.2,44.0,46.7,35.5,50.8,57.0,45.1,49.9,47.7,44.7,41.8,39.9,46.0,37.9,41.1,43.2,37.2,40.4,36.8,40.6,45.1,37.5,43.4,40.6,41.5,36.6,42.8,46.1,40.6,52.3,47.7,38.0,31.6,33.3,36.0,44.0,37.9,40.6,40.6,38.1,35.0,41.3,41.7,39.0,48.6,48.2,44.3,42.7,46.6,38.6,43.6,41.8,43.9,46.0,48.3,43.7,39.5,45.9,37.6,42.5,47.5,49.6,45.0,41.8,43.4,37.9,39.2,48.8,47.6,35.2,41.5,41.3,51.0,39.0,44.3,48.6,44.3,42.2,49.7,-8.34237682210214e-09,8.145447633576296e-05,-0.3180580431526824,620.8318718995029,-605783.9336624456,236389204.68250984,-4.171188411051071e-08,0.00032581790534305183,-0.9541741294580471,1241.6637437990057,-605783.9336624456
AL,Lamar,jan,39.6,41.1,38.8,47.7,41.3,42.2,44.5,38.9,41.2,38.8,35.3,44.0,52.7,42.1,46.7,43.8,48.6,37.6,49.1,46.5,40.2,48.5,46.8,32.8,42.2,44.2,48.2,44.0,50.3,39.1,43.9,42.2,46.4,42.7,45.9,41.3,41.5,49.2,49.7,46.9,44.8,40.0,53.5,44.9,47.1,29.2,45.6,40.4,45.3,43.9,42.7,44.7,47.5,35.7,50.7,57.4,44.5,50.8,47.2,44.5,41.3,40.5,44.0,37.9,40.0,41.8,36.4,39.5,35.6,40.1,45.1,37.6,43.4,40.3,42.0,37.0,42.8,46.6,40.6,50.0,46.5,37.4,30.8,33.4,34.5,43.7,37.4,40.7,40.7,36.6,33.4,40.0,40.7,37.6,48.0,48.1,43.0,42.1,46.1,38.0,43.1,41.0,43.2,45.4,47.2,44.1,38.2,44.6,37.6,42.3,47.8,48.9,44.4,40.0,42.4,37.8,39.3,48.2,46.9,35.7,40.8,40.8,51.4,38.0,44.3,47.8,44.2,41.9,50.0,-9.623285866465428e-09,9.402600223690612e-05,-0.36739916057330985,717.6354087600716,-700720.7632931253,273622330.1786446,-4.8116429332327137e-08,0.0003761040089476245,-1.1021974817199296,1435.2708175201433,-700720.7632931253
AL,Lauderdale,jan,36.5,39.2,36.7,45.0,38.7,39.6,40.7,37.7,39.4,36.8,31.8,42.4,49.6,39.6,42.9,40.4,44.3,34.5,45.2,43.5,36.7,45.7,42.1,28.0,39.3,39.6,44.0,39.3,44.8,34.9,40.2,37.8,41.4,38.8,40.4,37.6,38.7,46.8,46.5,43.1,40.4,35.2,48.6,41.3,43.2,24.4,40.8,36.0,40.9,40.2,37.9,40.5,43.0,30.8,47.1,51.5,41.0,46.5,45.2,41.4,38.5,36.9,39.4,34.8,38.3,39.7,34.2,36.2,32.9,38.8,41.0,33.7,41.7,36.5,38.2,33.4,38.7,42.7,36.8,46.2,43.3,35.6,26.4,28.9,30.9,41.1,35.2,36.7,37.5,34.2,30.6,38.4,38.1,34.9,45.0,45.6,41.0,40.4,43.2,35.2,40.8,38.2,39.7,44.2,44.6,40.6,36.2,42.8,34.3,39.6,45.3,46.7,41.8,37.8,38.4,34.4,35.6,45.2,43.9,32.9,38.6,38.0,48.1,35.9,41.5,45.7,42.3,37.8,47.3,-7.580342823177259e-09,7.406061276384375e-05,-0.2893715361021547,565.2031293003369,-551866.1274604201,215493232.07358924,-3.7901714115886296e-08,0.000296242451055375,-0.8681146083064641,1130.4062586006737,-551866.1274604201
AL,Lawrence,jan,37.9,39.8,37.6,44.8,39.8,40.3,41.4,39.1,40.8,37.3,32.8,43.7,50.1,39.8,44.7,41.2,45.1,35.5,45.6,43.7,37.2,46.7,43.4,30.3,40.2,40.6,44.5,40.4,45.6,35.7,41.3,38.8,42.4,39.5,41.8,38.4,39.2,47.4,47.0,43.9,41.4,36.4,51.2,42.5,44.6,25.6,41.9,37.8,42.6,41.2,39.6,41.7,44.7,33.1,47.8,53.2,42.3,48.0,45.9,42.6,39.3,37.9,40.9,35.9,38.7,40.3,35.0,37.3,33.8,39.3,42.1,34.5,42.2,37.4,38.7,34.4,39.9,44.1,38.2,48.2,44.6,36.3,27.7,29.8,32.1,41.6,35.9,37.9,38.2,35.1,31.6,39.3,38.8,36.0,46.1,46.4,41.5,40.8,43.8,35.6,41.3,39.4,40.8,44.4,45.6,40.7,36.4,43.6,34.8,40.3,45.3,47.6,42.3,39.1,39.0,34.8,36.2,45.8,44.0,32.4,38.7,38.3,48.3,35.6,41.9,45.6,42.2,38.5,47.6,-8.333725463901538e-09,8.146526199214905e-05,-0.31847862923503073,622.4045927040883,-608065.0441051113,237575814.26430264,-4.166862731950769e-08,0.0003258610479685962,-0.9554358877050921,1244.8091854081765,-608065.0441051113
AL,Lee,jan,43.7,43.1,41.3,48.7,43.3,41.8,46.0,42.8,42.3,39.0,37.6,44.8,53.6,43.0,49.8,45.6,49.5,40.8,51.4,46.7,43.9,53.4,51.0,38.9,44.6,47.7,49.5,45.4,51.2,41.1,47.1,44.0,47.7,44.8,48.3,46.1,44.0,52.8,52.0,47.6,47.5,43.9,57.4,46.4,48.6,33.3,46.6,43.8,48.6,46.0,45.6,47.3,49.3,39.8,53.0,58.2,47.2,52.7,48.5,47.6,44.3,42.9,49.0,40.0,43.8,45.1,39.7,43.8,40.2,42.6,46.4,41.2,46.4,42.2,43.3,37.8,45.3,49.9,44.0,57.1,49.1,40.9,34.0,36.9,39.4,47.6,39.6,42.4,42.5,42.0,38.0,43.5,43.4,41.2,50.9,50.0,46.4,44.7,49.7,42.0,46.0,44.4,47.2,47.9,49.6,46.5,41.7,47.0,40.6,44.5,48.4,51.3,48.1,43.7,46.7,40.5,41.3,49.1,52.3,37.4,44.0,43.4,51.3,41.3,47.1,48.4,46.4,43.5,49.6,-1.1320768445590086e-08,0.00011055080327393301,-0.43174063986772715,842.8858894558656,-822619.9832914424,321073310.82839024,-5.660384222795043e-08,0.00044220321309573204,-1.2952219196031813,1685.7717789117312,-822619.9832914424
AL,Limestone,jan,38.0,39.8,37.5,44.0,39.6,40.6,41.0,38.9,40.5,37.5,32.6,43.5,49.7,39.4,44.3,40.3,44.6,35.0,46.0,43.4,37.1,46.5,43.0,29.6,40.0,40.2,43.8,40.3,45.5,35.4,41.3,38.7,42.1,39.5,41.5,38.8,39.0,46.8,46.8,43.6,41.0,36.0,50.3,41.3,43.6,24.5,41.0,36.8,42.0,40.2,39.0,41.4,44.3,32.6,47.2,53.1,42.3,47.6,46.1,42.2,39.3,37.4,40.6,36.0,38.5,39.7,34.5,36.8,33.4,38.2,41.6,34.0,41.5,37.1,37.9,33.6,39.2,43.8,38.0,47.6,44.6,35.3,27.0,29.5,31.9,40.9,35.4,36.8,37.8,34.4,31.2,38.6,38.4,35.7,45.2,45.4,41.1,40.6,43.2,35.1,40.6,38.4,39.8,44.5,44.8,40.8,36.3,42.9,34.6,39.6,45.2,47.1,42.4,38.5,38.9,34.6,35.6,45.4,43.6,32.5,38.9,38.5,48.5,36.4,41.9,45.4,42.1,37.8,47.2,-8.904259220869155e-09,8.706656940115055e-05,-0.34047149668503984,665.5733748701642,-650424.886091878,254199470.44783062,-4.452129610434577e-08,0.0003482662776046022,-1.0214144900551196,1331.1467497403285,-650424.886091878
AL,Lowndes,jan,45.4,45.3,43.9,50.8,45.6,45.2,48.9,45.7,45.3,43.9,41.9,48.0,55.4,45.4,52.0,47.5,52.0,42.3,52.9,48.3,44.7,54.1,52.4,41.3,46.5,49.8,51.8,48.7,53.4,43.2,49.5,46.1,50.5,45.8,51.4,47.7,46.2,53.7,53.6,50.6,48.7,46.1,59.4,47.7,51.1,35.1,48.2,44.8,49.8,47.5,47.2,48.4,50.9,40.1,54.0,61.2,48.7,54.3,50.0,48.8,45.3,43.5,50.7,40.6,45.2,45.8,40.4,44.4,41.3,43.6,47.9,41.9,46.2,43.4,45.1,39.4,47.2,51.4,45.1,57.6,51.6,42.4,34.8,37.7,39.5,48.7,41.2,45.0,43.4,42.4,39.8,44.7,45.0,42.8,52.1,51.1,47.1,45.2,50.3,42.5,47.1,45.3,47.5,49.6,51.4,49.0,43.4,48.5,42.3,46.0,50.7,52.7,48.1,44.2,47.2,41.8,42.4,51.5,52.5,38.8,45.9,45.5,54.4,42.1,48.2,51.6,49.1,45.9,53.3,-8.60456824982173e-09,8.398481561244301e-05,-0.32781770014327016,639.6372664484338,-623885.1666636146,243352049.24828443,-4.302284124910865e-08,0.00033593926244977204,-0.9834531004298105,1279.2745328968676,-623885.1666636146
AL,Macon,jan,44.1,43.4,41.8,49.2,43.8,42.7,47.1,44.3,43.5,40.8,39.2,45.7,54.6,44.2,51.0,47.0,51.0,41.8,52.3,47.5,45.2,54.7,52.5,40.2,45.4,49.0,51.0,46.8,52.6,42.2,48.5,45.5,49.1,45.7,50.0,47.4,45.7,53.7,52.9,49.1,48.6,45.3,58.4,47.2,49.8,34.4,47.3,44.7,49.2,47.2,46.9,48.4,50.3,40.1,54.0,59.8,48.0,53.4,49.2,48.3,44.9,43.6,49.8,40.7,44.8,45.5,40.2,44.0,40.8,44.0,47.1,41.7,47.0,43.1,44.6,38.5,46.2,50.8,44.8,57.8,50.0,41.7,34.8,37.5,39.5,48.5,40.4,43.8,43.3,42.8,38.5,43.9,44.0,41.7,52.0,51.1,47.3,45.1,50.5,42.6,46.9,45.2,48.2,48.6,50.3,48.1,42.4,47.7,41.5,45.2,49.4,52.2,48.7,44.3,47.4,41.5,41.8,49.8,52.3,37.6,45.1,44.7,52.7,42.2,47.9,49.4,47.7,44.3,50.9,-9.667984243514977e-09,9.428937734834749e-05,-0.3677487987617739,716.9865138780476,-698781.6801261769,272353199.0637748,-4.8339921217574884e-08,0.00037715750939338997,-1.1032463962853218,1433.9730277560952,-698781.6801261769
AL,Madison,jan,38.5,39.8,37.4,43.8,39.6,40.8,41.0,38.7,40.0,37.8,33.0,43.7,50.0,39.8,44.7,40.5,45.0,35.4,47.0,43.8,37.8,47.0,43.6,30.5,40.1,40.8,43.9,41.1,46.1,35.8,41.8,39.3,41.9,39.9,41.9,39.4,39.1,47.3,47.2,44.0,41.4,36.3,51.2,41.3,43.7,25.0,41.0,36.9,42.4,40.2,39.3,41.4,44.3,33.2,47.3,53.5,42.4,47.2,45.8,41.7,39.2,37.1,41.1,35.7,38.2,40.5,34.9,37.4,34.0,39.0,42.0,34.3,41.4,37.3,38.2,33.4,39.3,44.1,38.3,48.0,44.5,35.3,27.2,30.2,32.4,40.8,34.9,37.0,38.2,34.5,31.6,38.4,38.4,35.6,45.3,45.6,41.3,40.5,43.6,34.8,40.6,38.1,40.0,44.2,44.9,40.8,36.5,42.9,34.6,39.6,45.1,46.8,42.3,38.5,39.2,34.9,36.1,45.6,44.0,32.6,39.0,38.4,48.4,36.0,41.6,45.3,42.0,38.2,47.7,-7.748436779656338e-09,7.570736486801509e-05,-0.2958210600758747,577.8259616190055,-564211.7276721904,220320268.19123268,-3.874218389828169e-08,0.00030282945947206034,-0.8874631802276242,1155.651923238011,-564211.7276721904
AL,Marengo,jan,44.4,44.8,43.2,49.8,44.7,46.2,47.8,44.0,44.4,42.8,40.7,47.6,54.4,43.7,50.7,46.6,52.1,41.0,53.7,47.8,43.0,52.6,49.6,39.1,44.9,49.0,50.3,48.9,51.9,40.9,47.8,44.9,49.9,46.0,50.7,47.2,44.7,52.8,53.1,50.0,47.2,44.8,58.8,47.8,50.4,33.7,48.0,43.6,49.8,46.7,46.7,48.1,50.4,40.2,55.1,61.4,48.9,54.2,50.3,47.9,45.6,43.3,50.2,40.7,44.2,45.2,40.8,42.9,39.7,43.5,48.4,42.2,46.1,43.6,44.8,39.2,47.0,50.8,44.7,56.4,50.4,42.7,34.9,36.9,39.3,48.3,41.7,45.3,43.9,41.2,39.2,44.3,43.8,41.7,51.5,51.2,46.6,45.0,49.9,42.7,47.0,45.8,46.9,48.6,50.8,48.4,42.6,47.7,40.9,45.6,50.8,52.3,47.6,43.7,47.4,41.2,43.0,52.0,50.7,39.1,43.8,43.6,53.6,41.6,48.3,49.1,47.4,45.4,52.6,-1.0464149780940874e-08,0.00010228007331040179,-0.399809852335684,781.2701795860588,-763192.727854997,298155222.0003261,-5.232074890470437e-08,0.00040912029324160717,-1.199429557007052,1562.5403591721176,-763192.727854997
AL,Marion,jan,38.2,40.0,37.4,46.2,40.1,40.8,42.3,37.8,40.2,37.5,33.6,43.2,51.2,40.9,44.9,42.3,46.6,36.2,47.2,45.0,38.4,47.1,44.8,30.6,40.8,42.0,46.1,41.7,47.9,37.1,42.0,39.9,44.0,40.7,43.1,39.5,40.0,47.9,48.1,45.2,42.7,37.4,52.0,43.4,46.0,27.6,43.6,39.2,43.6,42.5,41.1,42.8,45.7,34.5,48.9,54.9,43.4,49.4,45.6,42.8,39.7,38.6,42.0,36.3,38.6,40.8,35.7,37.9,34.5,39.0,43.5,36.2,42.1,38.8,40.0,35.3,40.6,44.4,39.4,49.7,45.2,36.4,29.1,31.7,33.1,42.9,36.5,39.0,39.7,36.1,31.8,39.1,39.3,36.3,46.6,47.2,41.8,41.3,44.8,36.6,41.9,39.7,41.5,44.6,45.7,42.2,36.5,43.6,35.6,40.9,46.0,48.0,43.0,38.8,40.2,36.0,37.4,46.7,45.4,33.5,38.9,38.8,49.2,36.4,42.9,46.7,43.1,39.9,48.8,-7.949280073357568e-09,7.768115879123163e-05,-0.3035762679269633,593.053809540083,-579154.5706001234,226182508.78800067,-3.9746400366787844e-08,0.00031072463516492653,-0.9107288037808898,1186.107619080166,-579154.5706001234
AL,Marshall,jan,39.3,40.2,37.8,44.6,40.0,40.8,41.6,38.9,40.1,37.7,33.7,43.9,50.4,40.2,46.0,41.7,45.6,36.1,48.2,44.4,38.9,48.4,45.1,32.3,40.2,41.8,44.7,42.5,47.0,36.6,42.7,40.3,42.5,40.7,43.0,39.5,40.0,48.5,47.9,45.3,42.7,37.4,52.6,42.4,44.2,26.3,42.2,38.1,43.9,41.3,40.4,41.9,44.7,34.1,48.2,53.6,42.0,47.8,46.0,42.3,39.7,38.2,42.8,36.0,38.4,41.3,35.5,39.0,34.6,39.5,43.4,35.2,41.7,38.1,38.7,34.1,40.6,45.2,39.7,49.7,45.0,36.6,28.6,31.5,33.0,41.4,35.9,36.9,38.7,35.6,33.0,40.0,39.1,36.4,46.1,46.7,41.6,41.1,44.9,35.9,41.5,38.8,42.0,44.6,45.7,41.4,37.3,43.4,35.6,40.4,45.8,47.6,43.3,39.6,40.1,35.8,37.4,46.7,45.5,33.4,39.9,39.1,48.7,36.2,42.7,45.9,43.6,40.4,49.1,-6.612967416286306e-09,6.455941487006707e-05,-0.25204420347589046,491.8783180623848,-479846.58042230003,187197876.3291498,-3.306483708143153e-08,0.0002582376594802683,-0.7561326104276713,983.7566361247696,-479846.58042230003
AL,Mobile,jan,48.6,48.3,47.3,54.1,49.6,48.7,50.5,49.6,48.2,46.9,45.6,50.6,59.0,49.4,55.3,50.7,55.1,45.3,55.4,50.7,47.0,54.8,55.1,42.9,47.9,51.8,53.0,52.2,55.5,45.6,53.6,47.8,53.7,46.4,52.2,50.0,49.5,57.0,55.8,52.8,52.2,50.9,62.3,51.2,54.1,39.0,51.7,47.6,51.5,49.8,49.8,51.3,54.6,43.9,57.8,64.3,52.6,58.4,53.8,52.7,50.0,47.7,56.4,44.9,47.5,49.0,44.4,48.2,45.4,47.4,51.7,45.3,50.6,48.6,49.3,43.2,50.9,55.6,48.0,61.4,54.2,47.0,40.0,40.7,43.8,53.3,44.2,50.1,46.7,45.7,43.2,48.8,48.1,46.3,56.5,54.0,51.4,48.6,54.3,46.6,50.7,48.8,50.8,52.4,54.6,53.2,46.4,51.6,45.8,49.9,54.4,55.7,52.0,49.1,51.6,45.4,47.2,55.8,54.9,43.0,48.8,48.7,57.8,45.8,51.4,54.4,51.2,48.8,57.1,-9.18930800044341e-09,8.987158207208409e-05,-0.35151072120370813,687.2921030705188,-671785.6276183277,262601205.46882346,-4.594654000221705e-08,0.00035948632828833636,-1.0545321636111245,1374.5842061410376,-671785.6276183277
AL,Monroe,jan,47.4,47.2,45.2,51.6,47.7,47.5,49.2,47.8,46.7,45.0,43.5,50.4,55.9,45.6,52.9,48.3,54.3,43.5,54.8,50.3,45.4,55.0,53.3,41.6,47.3,51.5,53.3,50.9,54.4,43.1,51.4,46.8,50.9,46.2,51.5,48.7,46.3,54.9,54.9,50.6,48.8,47.7,60.3,48.3,51.5,35.8,49.0,45.0,50.0,47.5,47.8,48.8,52.6,41.8,55.3,63.2,49.8,56.6,51.8,50.7,47.4,45.0,53.9,42.3,46.1,47.3,42.2,46.1,42.6,45.4,49.7,43.7,48.2,46.1,46.5,41.0,48.6,52.5,46.6,58.2,52.0,44.6,36.1,38.8,40.8,50.8,42.1,47.2,44.9,43.4,40.5,46.2,45.9,44.1,54.3,52.2,48.4,46.0,51.7,44.1,48.4,47.0,48.8,50.3,52.8,50.6,44.4,49.1,43.3,47.3,52.5,54.3,49.5,46.2,49.1,43.4,44.4,53.8,53.8,40.9,47.1,46.3,55.8,43.8,50.4,53.2,51.0,47.9,54.3,-7.36576655574628e-09,7.196790556787375e-05,-0.2812033599876368,549.2535209197298,-536285.2877698453,209401460.18398046,-3.6828832778731404e-08,0.000287871622271495,-0.8436100799629104,1098.5070418394596,-536285.2877698453
AL,Montgomery,jan,44.9,44.5,43.2,50.5,44.9,44.4,48.4,45.8,45.2,43.1,41.2,47.5,55.2,45.3,52.1,47.5,52.0,42.4,53.1,48.3,45.4,55.0,53.2,41.3,46.3,49.9,52.0,48.2,53.4,43.3,49.4,46.3,50.2,46.1,51.4,47.8,46.6,53.8,53.6,50.2,49.1,46.3,59.3,47.8,51.0,35.2,48.0,45.1,49.7,47.7,47.3,48.5,50.6,39.7,53.9,60.8,48.4,53.6,49.6,48.7,45.0,43.4,50.2,40.3,45.3,45.8,39.9,44.2,41.3,43.3,47.2,41.1,46.6,43.4,45.1,38.7,46.8,51.0,44.9,57.4,51.2,42.0,34.4,37.8,40.0,49.1,40.9,44.1,43.0,42.4,39.5,44.2,44.7,42.5,52.3,51.0,47.3,45.1,50.5,42.4,47.3,45.1,48.0,49.2,51.2,48.7,43.3,48.2,42.4,45.8,50.1,52.7,48.3,44.2,47.2,41.7,41.9,50.9,52.4,38.4,45.7,45.8,54.6,42.2,48.4,51.6,49.5,45.6,53.0,-7.940139067710699e-09,7.739267675338247e-05,-0.3016603910129381,587.7503024673639,-572430.9065158457,222945399.65069976,-3.9700695338553495e-08,0.00030957070701352987,-0.9049811730388144,1175.5006049347278,-572430.9065158457
AL,Morgan,jan,38.8,40.2,38.1,44.3,40.1,40.7,41.6,39.4,41.1,37.6,33.2,44.2,50.1,39.8,45.6,41.4,45.6,35.9,46.5,44.0,37.8,47.4,44.3,31.4,40.3,41.1,44.6,41.4,46.4,36.2,42.1,39.6,42.8,40.0,42.7,39.3,39.6,47.6,47.3,44.5,41.9,37.0,51.7,42.4,44.5,25.4,42.0,37.9,43.1,40.9,39.9,42.0,44.9,33.4,47.8,53.9,42.1,47.8,46.1,42.5,39.6,37.9,41.6,36.4,38.2,40.3,34.8,37.5,33.8,39.1,41.8,34.4,41.7,37.3,38.5,34.4,40.2,44.4,38.9,48.7,45.0,35.9,27.8,30.2,32.5,40.8,35.6,37.7,38.3,34.8,32.0,39.3,38.8,36.2,46.0,46.3,42.0,41.1,44.1,35.7,41.2,39.0,40.9,44.6,45.5,41.0,37.0,43.4,35.1,40.1,45.6,47.6,42.5,39.4,39.5,35.3,36.5,46.1,44.4,32.7,39.4,38.6,48.8,36.0,42.4,45.9,42.6,39.5,48.4,-8.124631535957938e-09,7.938435387028443e-05,-0.31019468333975164,605.9155112255675,-591654.5092174921,231043027.64399666,-4.062315767978969e-08,0.00031753741548113773,-0.9305840500192549,1211.831022451135,-591654.5092174921
AL,Perry,jan,42.8,43.5,42.3,49.2,44.0,44.0,47.3,42.7,43.4,41.8,39.3,46.0,53.9,43.5,49.7,45.6,49.8,40.0,51.0,46.2,41.7,51.6,49.1,38.2,44.6,47.2,49.1,47.0,50.9,40.7,47.4,44.2,49.1,44.4,49.4,45.4,43.8,52.0,52.1,49.2,46.4,43.4,58.1,46.7,49.4,33.1,46.5,42.2,48.6,45.7,45.9,47.2,49.5,39.2,53.6,59.8,48.0,53.5,49.6,47.4,44.5,42.7,49.4,40.3,43.8,44.8,39.8,43.0,39.0,43.2,47.8,41.6,45.7,43.3,44.1,38.5,45.7,49.6,43.6,55.2,49.2,40.8,33.7,35.9,38.1,47.0,40.1,43.8,42.8,40.3,37.4,43.3,42.8,40.4,50.1,50.4,46.0,44.2,49.0,41.6,46.0,44.2,46.4,48.0,50.3,47.8,41.3,46.6,40.0,44.6,49.3,51.6,46.8,42.9,45.9,40.5,41.6,50.8,50.1,37.2,43.5,43.1,52.5,40.2,46.9,48.9,46.2,44.3,51.3,-1.1328451027146012e-08,0.00011078481374036817,-0.4332795987092597,847.119115668842,-827959.1088360806,323632002.58546144,-5.664225513573006e-08,0.00044313925496147267,-1.299838796127779,1694.238231337684,-827959.1088360806
AL,Pickens,jan,41.0,42.0,40.5,49.0,42.3,43.3,45.9,40.6,42.3,40.1,37.0,45.1,53.4,42.8,48.1,44.6,49.8,38.8,50.2,47.4,41.4,49.9,48.1,35.0,43.0,45.4,49.2,45.4,51.2,39.9,45.6,43.2,48.0,44.3,47.8,43.0,42.8,50.4,50.6,48.3,46.2,42.0,55.5,46.2,48.4,30.7,46.6,41.7,47.2,45.3,44.5,46.3,48.9,37.3,52.6,59.1,46.1,51.7,48.4,45.2,42.7,42.0,45.9,39.1,42.0,43.2,37.9,40.5,36.9,41.1,46.5,38.7,43.7,40.9,42.0,37.2,43.6,47.0,41.7,51.0,48.0,38.9,32.0,34.4,35.7,44.9,38.8,41.3,41.6,38.0,35.1,41.4,42.0,39.2,49.3,49.1,44.2,42.8,47.3,39.4,44.4,42.7,44.9,46.1,48.4,45.3,39.8,45.8,39.0,43.6,48.3,50.1,45.1,41.6,44.2,38.6,40.9,49.3,48.3,36.9,42.3,41.8,52.0,39.1,45.3,48.8,45.1,43.3,51.6,-1.1865764990086905e-08,0.0001159877212253801,-0.4534202292450161,886.0787562866881,-865617.9947685419,338183781.76551,-5.9328824950434526e-08,0.0004639508849015204,-1.3602606877350483,1772.1575125733762,-865617.9947685419
AL,Pike,jan,45.2,44.4,43.0,50.6,45.0,44.4,48.2,46.1,44.6,42.6,41.2,47.2,55.3,45.0,53.1,47.8,52.6,43.1,54.1,49.1,46.2,56.0,54.0,41.5,46.8,50.6,52.8,48.4,53.9,44.0,50.6,46.7,50.2,46.5,51.5,47.8,47.0,54.2,53.6,50.6,49.9,47.1,59.6,48.4,51.8,36.0,48.2,45.8,50.4,47.6,47.9,49.3,51.8,41.1,54.8,61.9,49.6,54.0,50.6,50.0,46.6,44.6,51.8,41.5,46.2,46.4,41.2,44.9,42.0,44.3,48.8,41.5,47.9,44.8,45.6,39.1,47.0,51.8,45.6,59.1,51.7,42.8,36.2,37.9,40.5,49.4,41.2,45.0,43.0,43.2,40.1,44.9,44.8,43.0,53.2,51.9,47.8,45.7,51.4,43.1,47.4,45.6,48.6,49.5,51.1,49.6,43.5,48.1,42.7,46.4,50.3,52.9,49.1,45.0,47.4,42.4,42.5,51.3,53.4,38.6,46.1,45.1,54.6,41.9,48.4,51.4,49.0,45.5,53.5,-7.83546800349772e-09,7.638203112175264e-05,-0.2977583890093933,580.2199770340601,-565166.6732448365,220143075.30621746,-3.9177340017488606e-08,0.00030552812448701055,-0.8932751670281798,1160.4399540681202,-565166.6732448365
AL,Randolph,jan,40.9,41.5,38.7,46.6,41.4,40.0,43.4,39.5,39.9,36.6,35.0,42.1,50.5,40.1,46.9,42.6,46.1,37.3,47.9,43.4,40.2,49.6,47.2,34.7,41.4,44.3,46.3,42.9,47.3,37.9,43.7,40.7,45.0,41.8,44.5,42.9,40.9,49.8,48.8,44.7,44.6,39.4,54.6,43.3,44.8,29.0,43.5,40.5,45.4,42.4,41.9,44.1,45.6,36.6,49.6,54.9,43.8,49.6,46.1,44.5,41.4,40.0,45.8,37.4,41.2,42.3,36.9,40.8,37.0,38.9,42.6,37.4,43.2,38.7,39.3,34.8,42.2,45.4,40.5,52.7,46.3,37.8,30.3,32.7,35.5,43.4,37.2,39.4,39.3,38.8,35.1,40.7,41.0,38.4,47.8,47.2,43.2,42.4,46.5,38.8,43.2,40.1,44.3,45.4,46.5,43.3,39.6,44.9,38.2,41.7,46.5,48.6,45.1,40.6,43.6,37.8,39.1,47.4,48.9,35.4,41.6,41.0,49.9,37.7,44.5,47.5,44.2,42.2,49.4,-1.2109393771762085e-08,0.00011839870794684205,-0.4629678684295005,904.9906452051317,-884355.1537773367,345611990.0452565,-6.054696885881042e-08,0.0004735948317873682,-1.3889036052885015,1809.9812904102635,-884355.1537773367
AL,Russell,jan,45.1,43.9,42.6,49.6,44.1,43.0,46.6,44.3,43.2,40.6,39.2,46.2,54.5,44.4,50.9,46.2,50.4,41.9,52.6,47.6,45.3,54.4,52.1,40.0,45.8,49.3,51.0,47.0,52.5,42.5,48.6,45.3,48.6,45.9,49.8,47.5,45.2,53.9,53.0,49.0,48.8,45.2,58.9,47.5,50.5,34.8,47.5,45.3,49.8,47.5,47.2,49.2,51.7,40.9,55.1,59.9,49.0,54.1,49.7,49.2,45.8,44.6,50.9,41.6,45.5,46.8,41.4,44.8,42.0,44.1,47.7,42.0,48.5,44.1,44.7,39.1,46.9,51.7,45.5,59.4,50.5,42.4,35.9,37.9,40.5,49.1,40.8,43.9,44.0,43.4,39.8,45.3,44.9,42.5,52.8,51.4,47.6,46.2,51.0,43.3,47.2,45.8,48.4,49.4,50.6,47.8,43.3,48.6,42.6,45.8,50.0,52.7,49.8,45.3,48.0,41.9,42.4,50.8,53.9,38.7,45.3,44.4,53.0,43.2,48.2,50.4,47.8,44.6,51.3,-1.1552878672582057e-08,0.00011286605916345911,-0.44097386564486324,861.2881351983277,-840949.6293700197,328372860.68672377,-5.7764393362910283e-08,0.00045146423665383645,-1.3229215969345898,1722.5762703966554,-840949.6293700197
AL,St Clair,jan,40.7,41.7,39.5,46.4,41.0,41.0,42.8,39.6,41.2,38.3,34.9,43.1,51.6,41.1,46.7,43.4,46.6,37.9,49.3,45.1,40.0,50.3,47.4,34.4,40.3,43.1,46.0,44.4,48.8,38.2,43.9,41.7,45.5,42.0,45.8,41.6,41.4,49.6,48.6,46.1,44.4,38.8,54.3,43.4,45.6,28.4,43.9,39.7,45.4,42.7,41.6,43.3,45.6,34.7,50.0,55.6,44.2,49.5,47.0,44.5,41.3,39.6,45.2,37.5,40.3,42.4,36.8,40.3,36.4,40.0,44.3,37.9,43.0,39.8,40.4,36.1,42.5,45.8,41.0,52.2,47.0,37.6,30.1,33.0,35.4,43.5,37.1,39.4,39.7,37.8,34.4,40.6,41.0,38.4,47.7,47.7,43.6,42.3,46.2,38.4,43.0,40.7,43.7,45.7,47.2,43.3,39.0,45.2,37.0,41.7,47.0,49.0,44.4,40.8,42.9,37.3,39.1,48.2,47.3,34.9,41.4,41.1,50.4,38.0,44.3,47.8,44.2,41.9,49.0,-8.782257404983356e-09,8.578120663946485e-05,-0.3350779858363221,654.3006388882169,-638684.607601372,249323519.29203394,-4.391128702491678e-08,0.0003431248265578594,-1.0052339575089664,1308.6012777764338,-638684.607601372
AL,Shelby,jan,41.4,42.3,41.6,48.1,42.4,41.8,44.6,41.2,42.4,39.9,37.1,44.2,52.9,42.4,48.1,44.4,48.0,39.3,49.5,45.6,40.9,50.8,48.5,36.0,42.2,45.0,47.6,45.3,49.3,39.6,45.6,42.8,47.2,42.7,47.5,43.1,42.3,50.3,49.8,46.8,45.2,40.5,55.4,44.5,47.2,30.4,44.6,41.0,46.3,43.8,43.2,45.0,47.4,36.7,51.3,57.6,45.5,50.6,47.8,45.4,42.6,40.7,47.0,38.5,41.9,43.3,37.8,41.2,37.4,40.9,45.1,38.3,43.4,40.6,41.7,36.7,43.8,47.4,41.3,53.5,47.9,38.8,31.9,34.3,36.8,44.7,38.0,41.2,41.1,38.7,35.5,41.9,42.0,39.5,49.0,48.6,44.7,42.8,47.3,39.5,44.2,42.3,44.7,46.5,48.5,44.6,39.8,46.2,38.2,42.8,47.9,50.2,45.3,42.0,44.1,38.8,39.6,48.9,48.2,35.6,42.1,41.4,51.0,39.0,44.6,48.5,44.9,42.6,50.1,-9.30650952507405e-09,9.089922126753995e-05,-0.35506209369185404,693.3127782823326,-676760.1757309125,264186795.67100677,-4.6532547625370257e-08,0.0003635968850701598,-1.0651862810755621,1386.6255565646652,-676760.1757309125
AL,Sumter,jan,43.3,43.9,42.4,50.8,43.7,45.7,47.4,42.3,44.2,43.3,39.4,46.6,54.0,43.7,50.0,45.3,51.5,40.1,52.8,47.5,42.8,52.0,48.9,37.3,43.9,47.6,50.0,47.1,51.9,40.9,47.1,44.4,49.8,46.0,50.0,45.8,44.6,52.4,52.5,49.8,47.8,44.0,57.8,47.6,49.8,32.4,47.6,42.8,49.4,46.3,45.9,47.8,49.8,39.4,55.0,60.4,48.1,53.4,49.9,46.9,44.8,43.0,49.4,40.2,43.2,44.3,39.6,42.0,38.7,42.9,47.7,41.0,45.0,42.5,44.2,38.7,45.9,49.2,43.9,54.4,49.7,42.0,34.3,36.8,37.8,47.0,41.2,44.7,43.1,39.9,37.8,43.5,43.4,40.9,50.7,50.5,45.5,44.6,48.4,41.5,46.1,44.7,46.1,47.4,49.5,46.9,41.6,47.6,40.6,45.1,50.1,51.8,46.3,43.1,46.5,40.2,42.6,51.0,49.6,38.1,43.3,43.2,53.3,40.9,46.8,49.2,46.5,45.0,52.6,-1.1303834679260162e-08,0.00011053047604755053,-0.43222911615156256,844.951317810307,-825724.1984616703,322711192.8968791,-5.651917339630081e-08,0.0004421219041902021,-1.2966873484546877,1689.902635620614,-825724.1984616703
AL,Talladega,jan,41.4,42.2,40.6,47.6,42.2,41.4,44.0,40.8,42.2,39.6,36.8,43.5,53.3,42.3,48.2,44.7,47.6,39.1,49.8,45.8,41.1,51.2,48.9,36.0,41.4,44.8,47.4,45.1,49.4,39.1,44.7,42.4,46.8,42.7,46.9,43.5,42.1,50.9,49.6,46.8,46.0,40.3,56.1,44.5,46.5,30.0,44.6,41.2,46.5,43.7,42.9,44.8,46.6,36.6,50.9,57.1,45.4,50.9,47.8,45.9,42.6,41.1,47.1,38.6,42.0,43.5,38.1,41.8,38.3,40.8,44.8,38.5,43.8,40.5,41.6,36.8,44.1,47.6,41.9,54.0,47.8,38.6,31.0,34.0,36.4,44.8,37.7,40.7,40.4,38.7,35.3,41.5,41.6,39.5,48.5,48.3,44.4,42.6,47.1,39.7,43.8,41.6,44.6,46.5,47.7,44.4,39.6,45.6,38.3,42.4,47.7,49.8,45.4,41.6,44.0,38.4,39.7,48.2,48.7,35.3,42.2,41.3,50.7,38.6,44.9,48.0,44.8,42.3,49.6,-8.888051986170043e-09,8.682724580942395e-05,-0.33921389558471077,662.4746953873394,-646759.616119864,252513388.9890678,-4.444025993085021e-08,0.0003473089832376958,-1.0176416867541322,1324.9493907746787,-646759.616119864
AL,Tallapoosa,jan,42.2,42.2,40.6,48.0,42.6,41.2,45.3,41.6,42.2,39.0,37.5,43.8,53.1,42.2,48.8,45.0,48.6,39.6,49.7,45.8,42.4,52.3,50.0,37.8,43.1,46.7,48.7,44.8,50.0,40.1,46.2,43.2,47.5,43.9,47.2,45.1,43.3,52.0,51.0,47.0,46.6,42.5,56.9,45.4,46.9,31.7,45.8,42.6,47.3,44.3,44.0,45.9,47.4,38.4,51.1,57.2,45.8,51.4,47.6,46.1,43.4,41.6,47.6,38.7,42.9,43.8,38.7,42.4,38.8,41.2,45.1,39.6,44.8,40.2,42.4,36.9,44.6,48.3,42.8,55.3,48.2,39.3,32.1,35.1,37.4,45.9,38.5,41.7,41.0,40.3,36.9,41.9,42.2,40.0,49.5,48.7,44.9,43.3,48.2,40.6,44.6,42.2,45.7,46.8,48.3,45.4,40.9,46.0,39.5,43.1,47.8,49.8,46.2,42.2,44.8,39.3,40.1,48.1,49.8,36.0,42.9,42.2,50.6,39.2,45.4,47.7,45.2,42.7,49.0,-1.0334928224205409e-08,0.00010088791488062824,-0.3938591076063467,768.6391091570408,-749866.0371011354,292559607.34989077,-5.1674641121027045e-08,0.000403551659522513,-1.18157732281904,1537.2782183140816,-749866.0371011354
AL,Tuscaloosa,jan,41.2,42.3,40.9,48.7,42.6,42.9,45.6,41.2,42.2,39.6,37.0,44.9,52.7,42.2,47.9,43.9,48.9,39.1,49.6,47.1,41.0,50.8,48.8,35.8,43.1,45.1,48.1,45.7,50.2,39.5,46.2,43.0,47.7,43.3,47.6,43.1,42.4,50.4,50.0,48.2,46.2,42.1,56.4,46.0,48.5,31.1,45.4,41.2,47.1,44.8,44.5,46.2,48.8,37.6,52.7,58.9,45.8,51.1,48.0,45.3,42.9,41.7,46.2,39.1,43.1,44.2,38.4,41.7,38.1,41.5,46.6,39.2,44.5,41.5,42.8,37.9,44.1,47.3,42.0,52.9,48.8,39.4,32.9,34.7,36.6,45.6,39.2,41.7,41.8,39.1,36.0,41.6,42.2,39.7,49.3,48.9,44.9,43.3,47.9,39.5,44.4,42.6,44.9,46.4,48.9,45.2,40.1,46.2,38.6,43.2,48.3,50.4,45.8,42.7,44.1,39.1,40.4,49.8,48.3,36.3,42.4,42.0,51.9,40.1,45.4,48.9,44.9,43.2,50.3,-1.0817451313127631e-08,0.0001057669048590426,-0.41357042696511,808.4141861819809,-789956.3354628918,308707349.8171282,-5.4087256565638155e-08,0.0004230676194361704,-1.24071128089533,1616.8283723639618,-789956.3354628918
AL,Walker,jan,40.0,41.3,39.6,46.7,41.1,41.4,43.1,39.6,41.3,38.1,34.8,44.0,51.1,41.2,46.8,43.0,47.4,37.8,48.4,46.0,39.7,49.4,47.0,33.8,41.4,43.4,46.5,43.9,48.8,38.3,43.9,41.7,45.5,41.8,45.5,41.2,41.0,48.9,48.5,46.0,43.7,39.2,53.9,43.9,46.9,28.7,44.1,39.8,45.0,43.0,42.2,43.9,46.9,35.3,50.2,56.5,44.4,49.9,46.8,44.1,41.2,39.7,44.4,37.7,40.8,42.5,36.6,40.0,36.6,40.8,45.0,37.9,43.8,40.3,41.5,36.5,42.8,45.5,40.4,51.4,46.7,37.4,31.0,32.8,35.0,43.7,36.9,40.2,39.9,37.8,34.0,40.7,40.9,38.1,47.8,47.9,43.4,42.2,46.1,38.0,43.0,41.1,43.2,45.4,47.5,42.8,38.4,44.7,37.2,41.7,47.0,48.9,44.5,40.7,42.1,37.3,38.7,48.4,46.6,34.7,40.6,40.3,49.7,38.1,43.9,47.7,44.0,41.5,49.0,-8.261655197808164e-09,8.072803817746916e-05,-0.3154631666062511,616.2398123713493,-601765.9325596386,235002345.99106026,-4.130827598904082e-08,0.00032291215270987666,-0.9463894998187534,1232.4796247426987,-601765.9325596386
AL,Washington,jan,46.6,46.9,45.6,52.2,48.0,47.5,48.8,48.3,46.5,44.3,44.5,49.9,56.8,46.9,53.3,49.2,55.1,43.8,55.4,49.8,45.8,54.2,52.8,41.4,46.7,50.6,52.7,50.6,53.5,42.8,51.5,46.1,52.5,46.7,51.8,48.9,47.0,55.0,54.2,51.2,49.9,48.6,60.5,49.7,52.6,36.6,50.0,45.7,50.6,48.2,48.3,49.7,52.6,42.1,56.1,62.3,49.8,56.2,51.4,50.9,47.3,44.8,53.5,42.8,44.9,46.6,41.8,46.3,42.6,45.1,49.7,42.9,47.8,46.4,46.9,41.2,48.9,52.9,45.8,58.4,52.1,44.2,36.8,38.9,41.7,51.3,42.8,49.2,45.6,43.4,40.9,46.4,46.2,44.6,53.8,53.0,49.0,46.8,51.9,44.6,49.2,47.6,49.1,51.5,53.3,51.6,45.0,50.0,44.1,47.1,53.1,54.1,49.6,46.3,48.8,42.8,45.2,53.6,52.8,40.8,46.5,46.7,56.0,42.8,49.7,52.4,51.0,48.1,54.9,-7.754980260140373e-09,7.56967608945222e-05,-0.2954859115869191,576.5925212290748,-562436.9501016967,219402350.09738913,-3.8774901300701864e-08,0.0003027870435780888,-0.8864577347607574,1153.1850424581496,-562436.9501016967
AL,Wilcox,jan,46.0,46.0,44.4,50.3,46.1,46.7,48.7,45.7,45.1,43.7,42.0,48.8,55.2,44.5,51.8,47.7,52.8,42.2,54.0,48.7,44.0,53.8,51.2,40.7,46.3,50.4,51.6,50.1,53.2,42.0,49.2,46.0,50.2,46.2,51.2,48.2,45.5,53.7,54.1,50.6,47.7,45.9,59.4,47.8,51.1,34.8,48.5,44.6,49.9,47.2,47.4,48.4,51.3,40.8,55.0,62.1,49.6,55.5,51.4,49.4,46.5,44.2,51.7,41.3,45.5,46.6,41.6,44.6,41.7,45.2,49.5,43.1,47.6,45.1,45.8,40.3,47.7,52.2,46.1,57.7,52.0,43.9,35.8,38.0,40.1,49.6,42.1,46.2,44.7,42.6,39.7,45.0,44.8,42.8,52.7,51.8,47.4,45.5,50.8,43.3,47.5,46.2,48.0,49.6,52.0,49.9,43.4,48.4,42.1,46.5,51.6,53.2,48.5,44.6,47.8,42.4,43.6,52.7,52.6,39.9,45.8,45.2,54.6,42.4,49.2,51.4,49.2,46.5,53.4,-8.289227629358766e-09,8.103189991385549e-05,-0.3167860661807859,619.0904937323119,-604811.6492874109,236294785.41852868,-4.144613814679383e-08,0.00032412759965542195,-0.9503581985423577,1238.1809874646237,-604811.6492874109
AL,Winston,jan,38.3,39.9,37.8,45.0,39.9,40.2,41.5,38.8,40.7,37.1,33.0,43.6,50.0,40.1,45.4,41.7,45.8,36.1,46.5,44.3,37.8,47.4,44.6,31.4,40.1,41.4,44.9,41.5,46.6,36.4,41.9,39.6,43.1,40.0,43.0,39.3,39.4,47.6,47.3,44.4,41.8,37.1,52.3,42.9,45.7,26.9,42.8,38.8,43.4,41.8,40.8,42.5,45.4,34.2,48.2,54.3,43.1,48.9,45.5,42.6,39.5,38.2,41.6,36.4,38.6,40.6,35.3,37.5,34.2,39.5,43.1,35.8,42.1,38.2,39.2,34.6,40.4,43.7,38.8,49.8,44.7,36.1,28.7,30.8,33.0,42.1,36.0,38.4,38.7,36.0,31.8,39.6,39.0,36.1,46.5,46.7,41.6,40.9,44.3,36.1,41.5,39.6,41.3,44.6,45.8,40.9,36.7,43.3,35.3,40.3,45.1,47.8,42.3,39.2,39.7,35.3,36.6,46.5,44.5,32.9,38.8,38.3,48.1,35.5,42.2,45.9,42.3,39.4,48.1,-8.301371978402373e-09,8.11357200214671e-05,-0.3171349109159992,619.6632216200227,-605267.117470597,236433059.03103212,-4.150685989201186e-08,0.0003245428800858684,-0.9514047327479976,1239.3264432400454,-605267.117470597
